Protein,Position,Quantification
Q9Y6N9,283,0.37
Q9Y6N9,287,1.4
Q9UHR4,261,0.54
Q9UHR4,293,-1.83
Q9UHR4,295,0.05
Q9UHR4,414,-0.19
Q9UHR4,416,5.35
Q8NFJ5,300,-1.65
Q8NFJ5,301,-1.58
Q8NFJ5,345,0.05
Q15311,116,-2.32
Q9H6Z4,265,-1.08
Q8NFC6,635,1.46
Q8NFC6,1531,0.8
Q8NFC6,2501,0.11
Q8NFC6,2954,-0.06
Q15836,44,-6.73
Q15836,63,-5.82
Q12774,1125,0.74
Q12774,1126,0.56
Q9NPH3,556,-0.15
Q96G74,64,0.4
Q96G74,452,0.51
Q96G74,507,-0.26
Q96G74,508,-0.26
Q92917,42,-0.27
O95983,37,-3.02
O95983,56,-1.46
O95983,85,0.53
O95983,144,3.38
P43686,28,-0.7
Q9P1Y5,334,-2.51
Q9P1Y5,814,-4.53
A0A0A0MQR4,173,0.42
A0A0A0MQR4,277,0.96
A0A0A0MQR4,279,1.07
A0A0A0MQR4,721,0.96
Q14807,412,-2.38
Q14807,543,-3.11
Q9H6S0,1221,-0.39
Q9H6S0,1223,-0.39
Q15645,18,-0.63
Q9HBL0,1177,-0.24
Q9HBL0,1269,-1.17
Q9HBL0,1271,-1.17
Q9HBL0,1297,-0.26
Q9HBL0,1314,0.03
Q9HBL0,1381,0.22
Q9HBL0,1383,0.22
Q99583,162,0.45
O94804,13,0.27
O94804,390,-6.49
O94804,392,0.16
O94804,438,0.31
Q92545,1375,-1.35
Q92545,1871,-2.87
Q00653,22,-1.5
Q00653,23,-1.5
Q6BDS2,758,-3.9
P55809,170,-1.94
P46782,52,-3.09
Q15654,92,0.83
Q9H4G0,13,-0.59
Q9H4G0,17,-0.74
Q9H4G0,368,-0.75
Q9H4G0,436,0.63
Q9H4G0,470,0.7
Q9H4G0,472,0.7
Q9H4G0,490,-0.93
Q9H4G0,574,-0.53
Q9H4G0,576,-0.53
Q9H4G0,682,0.37
Q96KQ4,311,-4.19
Q9H501,150,0.23
Q9H501,153,0.16
Q9H501,198,-0.59
Q9H501,657,0.01
Q9H501,693,-0.21
Q9H501,694,-0.21
Q9H501,823,-0.14
P31930,107,-0.14
Q15773,238,-0.96
Q15773,240,-0.94
Q01664,123,0.12
O75391,158,-0.69
Q9NRG9,33,-3.33
Q9NRG9,495,-0.1
Q96EB6,14,-0.26
Q96EB6,26,-0.17
Q96EB6,27,0.06
Q96EB6,47,0.22
Q8IVT2,78,-0.24
Q8IVT2,156,0.31
Q8IVT2,164,0.31
Q8IVT2,172,-4.09
Q8IVT2,213,-0.45
Q8IVT2,214,1.18
Q8IVT2,224,1.18
Q8IVT2,284,-1.63
Q8IVT2,287,-1.73
Q8IVT2,338,0.13
Q8IVT2,376,-1.18
Q8IVT2,377,-1.52
Q8IVT2,394,-0.99
Q8IVT2,395,-1.68
Q8IVT2,397,-0.91
Q8IVT2,400,-0.71
Q8IVT2,433,-3.29
Q8IVT2,466,-0.28
Q8IVT2,471,1.58
Q8IVT2,575,-3.21
Q8IVT2,577,-0.78
Q8IVT2,582,-3.41
Q8IVT2,586,-3.21
Q15459,329,-0.59
Q15459,413,-1.62
Q15459,451,-0.35
P28482,181,0.07
P28482,185,0.07
P28482,187,0.07
P28482,190,0.07
Q9Y6X9,553,0.41
Q9Y6X9,717,0.39
Q6NXT1,63,-0.11
Q8N3F8,295,0.73
Q8N3F8,486,0.85
Q8N3F8,578,0.44
Q9NS69,15,-0.56
O00178,24,0.05
O00178,25,-2.33
O00178,580,-1.57
P09601,229,2.11
P09601,231,2.23
Q14166,15,-0.55
Q14166,16,-0.48
Q15750,7,0.06
P35579,1943,0.4
P50502,75,-0.01
P50502,76,-0.01
P50502,79,-0.01
P07900,231,0.81
P07900,252,0.62
P07900,263,0.63
Q9Y5B9,650,-2.12
P25788,16,-0.96
P25788,243,0.09
P25788,250,0.09
O95433,258,-0.94
Q99986,342,-1.17
Q16822,304,-0.77
Q9H307,66,0.71
Q9H307,96,-0.79
Q9H307,100,-0.23
Q9H307,347,-0.48
Q9H307,375,0.86
Q9H307,381,1.09
Q9H307,450,-1.69
Q9H307,547,-1.49
Q9H307,552,-1.49
Q9H307,690,-0.25
Q9H307,692,-0.25
Q96BD0,40,-0.66
Q96BD0,43,-0.66
Q13424,189,0.7
Q13424,201,0.25
Q9H444,184,-1.27
Q9H444,188,-0.08
O00264,54,-0.77
O00264,57,0.06
O00264,180,0.37
O00264,181,0.35
B1ALK7,340,0.21
B1ALK7,525,0.13
B1ALK7,526,0.13
P78549,71,2.55
P19387,124,-0.36
Q14694,5,0.13
Q14694,74,-0.85
Q14694,365,-11.52
Q14694,547,0.91
Q14694,549,0.48
Q14694,576,0.46
Q9UNE7,19,-0.95
Q9UNE7,23,-0.92
Q9UNE7,271,-0.9
Q9UNE7,273,-0.02
O14874,31,-0.17
O14874,32,0.43
O14874,33,0.11
Q1ED39,42,-2.31
Q1ED39,47,-0.62
Q1ED39,111,-1.07
Q1ED39,119,-0.93
Q1ED39,127,-0.93
Q1ED39,132,-0.93
Q9H223,459,-0.99
Q9NVM6,112,0.15
O43482,47,-5.01
P60228,399,-1.46
Q9NQT4,20,-0.41
Q8N7H5,117,-2.84
Q8N7H5,118,-2.84
P14866,52,0.44
P14866,185,0.23
P14866,298,-1.76
Q01201,37,-0.17
A0A0A0MQS2,101,-1.01
A0A0A0MQS2,285,-0.01
A0A0A0MQS2,288,-0.01
A0A0A0MQS2,330,-0.17
A0A0A0MQS2,547,-0.34
O43765,77,-0.8
Q9Y3X0,80,-0.11
Q9Y3X0,95,-1.15
Q9Y3X0,202,-0.88
Q02543,71,1.07
Q02543,123,-0.47
O00459,464,0.26
O15155,48,-1.3
O15155,50,0.29
Q3B726,60,-1.06
Q13442,19,-0.03
Q13442,57,0.04
Q13442,60,0.04
Q13442,63,0.04
O00401,256,0.06
Q86VQ1,221,0.22
Q86VQ1,223,-1.15
Q86VQ1,480,-3.64
O15498,114,-2.45
O15498,117,-2.71
Q9NZZ3,86,-0.31
P60468,5,-1.33
P60468,9,1.22
P60468,13,0.61
P60468,14,0.67
P60468,17,1.12
P60468,19,0.66
Q7Z417,87,-0.74
Q7Z417,112,-0.12
Q7Z417,212,-0.47
Q7Z417,214,-0.33
Q7Z417,220,-0.4
Q7Z417,571,-1.5
Q7Z417,572,-1.4
Q7Z417,629,-1.29
Q7Z417,633,-1.29
Q7Z417,652,0.99
Q7Z417,692,0.23
O14907,58,-0.22
O14907,61,-0.18
Q9NVS9,40,-0.22
P83916,89,-0.64
P83916,91,-0.47
P07737,57,0.87
P17844,480,-0.46
Q96AG4,23,-2.5
Q9H6F5,18,-0.7
Q9H6F5,21,-0.62
Q9H6F5,23,-0.62
Q9H6F5,24,-0.23
Q9H6F5,26,-0.62
Q9H6F5,42,-0.73
Q9H6F5,47,-0.73
Q9H6F5,50,-0.73
Q9H6F5,58,2.24
Q9H6F5,91,-1.93
Q9H6F5,102,1.99
Q9H6F5,110,1.99
Q9H6F5,113,1.99
Q9H6F5,255,-2.11
O00193,15,0.26
O00193,17,0.26
P49023,83,-0.45
P49023,85,-0.32
P49023,106,-0.22
P49023,258,2.46
P49023,302,0.14
P49023,303,-0.02
P49023,322,-0.44
P57740,10,0.35
P57740,11,-2.46
P57740,46,-3.09
P57740,82,-2.93
P57740,86,0.56
Q9NZN8,165,-0.27
Q13601,3,-0.35
P60174,58,0.58
Q13242,189,-0.02
Q13242,193,-0.02
Q13242,204,-0.06
Q13242,208,-0.06
Q13242,211,-0.25
Q13242,214,-0.04
Q13242,216,0.19
P40123,312,-0.81
O75496,36,-3.38
Q13895,98,-0.46
P42285,40,-0.46
P49590,67,0.22
P51397,2,0.41
P51397,3,0.59
P51397,91,-0.82
Q9H0E9,924,-0.52
O75694,4,0.09
O75694,992,-0.39
O75694,994,-0.75
P11172,214,-1.32
P30414,379,-0.42
P30414,463,0.21
P30414,467,0.21
P30414,468,-1.11
P30414,866,-0.11
P30414,1076,-0.29
P19525,83,-3.37
P19525,542,-3.3
Q92499,481,0.4
Q15036,334,-2.39
Q9BSM1,3,-0.67
P61604,64,-5.52
Q03701,973,-1
P43007,506,-1.53
P43007,507,-1.53
Q13416,116,-0.28
Q13416,226,1.38
Q13416,228,1.38
P52701,14,-0.43
P52701,79,-0.64
P52701,87,-3.4
P52701,137,-0.88
P52701,139,-0.88
P52701,144,-0.61
P52701,830,0.09
P06733,27,0.15
P06733,44,-0.41
P06733,254,1.28
Q9BQA1,5,0.02
O43488,255,-6.26
O75351,102,0.21
Q8TD19,868,-2.61
Q8TD19,869,-3.4
Q9H1B7,215,1.02
Q9H1B7,547,-0.23
Q9H1B7,553,-0.23
Q9H1B7,657,-1.66
Q9H1B7,658,-1.66
Q9H1B7,659,-1.85
Q9BWT3,22,-0.86
Q9BWT3,23,-0.86
Q9ULI0,16,-0.19
Q3ZCW2,25,-1.42
O60504,348,0.71
O60504,395,-2.75
O60504,529,0.4
O60504,530,0.31
O60504,544,0.73
O60504,545,0.73
O60504,606,-0.43
P38432,105,-6.56
P38432,122,-0.09
P38432,271,-0.47
P38432,272,-0.46
P38432,277,-0.11
P38432,303,0.4
P38432,456,-1.37
P38432,489,-1.14
Q15003,15,-0.41
Q15003,25,0.52
Q15003,28,0.52
Q15003,30,0.8
Q15003,49,-0.03
Q15003,70,-0.09
Q15003,79,-2.18
Q15003,81,-2.36
Q15003,87,-3.24
Q15003,92,-3.24
Q15003,201,-6.05
Q15003,422,0.7
Q15003,432,0.7
Q9Y5Y5,158,-0.81
P53621,173,-0.25
P09496,105,0.83
P09496,206,-0.34
P09496,236,1.13
Q7Z2W4,492,-5.63
X6R2W0,108,-1.07
X6R2W0,110,-2.01
X6R2W0,132,-1.41
Q16512,537,-1.48
Q16512,561,-3.3
Q16512,562,-3.3
Q9BQ61,39,-0.1
Q5T200,64,-0.37
Q5T200,77,-0.46
Q5T200,198,-0.09
Q5T200,621,-3.63
Q5T200,643,-1.04
Q5T200,875,-0.58
Q5T200,877,-0.44
Q5T200,985,0.1
Q5T200,986,0.1
Q5T200,993,0.21
Q5T200,1170,-1.57
Q5T200,1208,-0.89
Q5T200,1210,-0.89
Q13287,16,0.1
P09012,131,-6.73
Q13247,118,-1.18
Q13247,119,-1.63
Q13247,301,-0.31
Q13247,303,-0.08
Q03001,1556,-1.04
Q03001,1558,-0.34
Q96EU6,73,0.58
Q16626,181,-0.63
P43307,247,0.39
P43307,260,0.12
P43307,268,0.41
P62273,9,-0.38
Q9BUK6,143,-2.43
Q9BUK6,495,-0.86
Q9BRG2,123,2.21
P50552,39,-0.17
P50552,316,-0.24
Q92797,1243,-0.16
Q92797,1246,-0.16
P60981,3,0.17
Q9UKM9,135,-0.33
Q9UKM9,286,-1
Q9UKM9,288,-1
Q9UKM9,295,-1
Q07866,460,-0.91
Q07866,561,0.53
Q07866,599,-0.26
Q07866,600,-0.33
P13646,422,-2.2
Q9HB09,242,-0.12
Q9Y3A5,2,0.11
Q9Y3A5,143,-4.13
Q8IWZ8,409,-0.24
Q8IWZ8,411,-0.44
Q8IWZ8,485,0.34
Q9BX95,101,-0.76
Q9BX95,112,1.04
Q9BX95,114,1.04
A1L390,76,-0.16
A1L390,908,0.59
A1L390,981,-2.39
Q12933,7,0.96
Q12933,11,1.51
Q9H910,30,-1.74
Q9H910,76,-5.08
Q9H910,97,-0.35
Q9H910,125,-2.22
P68366,340,-0.02
P04792,15,1.15
P04792,65,-0.28
P04792,82,0.765
P04792,199,0.44
Q05209,435,0.87
Q05209,449,-0.21
Q00587,73,0.3
Q00587,101,-2.88
Q00587,121,2.69
Q00587,190,-1.13
Q00587,192,-1.13
Q00587,350,-3.36
Q00587,353,-3.36
O00161,5,-0.41
O00161,110,-1.02
Q9NWW5,31,1.95
P56211,22,-2.42
P56211,23,-0.5
P56211,62,-0.5
Q9Y2J4,54,-1.4
Q9Y2J4,540,-1.89
P51116,411,0.38
Q6PJT7,515,-0.16
Q96N67,30,-3.99
Q96N67,180,1.11
Q96N67,863,-0.3
Q96N67,864,0.88
Q96N67,1383,1.59
Q96N67,1385,1.3
Q96N67,1421,-1.2
Q96N67,1423,-0.06
P57737,21,-1.9
P23258,284,-0.28
Q9BPX3,931,2.36
A0A499FIX8,710,-5.72
A0A499FIX8,715,-5.72
Q7Z478,200,-1.23
Q9UQR0,499,0.42
Q9UQR0,511,0.6
Q9UQR0,590,-1.44
Q9BY77,126,-1.56
Q9BY77,127,-0.32
Q9BY77,339,0.86
Q96DF8,292,0.15
P04264,21,-1.6
J3KMZ8,142,-1.69
J3KMZ8,200,-3.42
Q13042,559,-1.67
Q14151,8,-3.21
Q14151,194,-1.02
Q14151,195,-0.6
Q14151,201,-2.44
Q14151,207,-1.8
Q14151,233,0.04
Q14151,244,0.49
Q14151,245,0.04
Q14151,246,0.04
Q14151,287,-1.25
Q14151,343,-2.28
Q14151,444,-0.51
Q14151,513,-0.47
Q14151,832,-0.05
Q03111,267,-0.85
O43707,159,-0.54
P17535,100,2.94
P17535,255,1.19
P17535,259,1.23
Q16186,405,0.07
Q13263,17,-0.52
Q13263,19,-0.54
Q13263,49,-1.08
Q13263,138,-2.67
Q13263,437,-0.465
Q13263,471,0.93
Q13263,473,1.92
Q13263,479,-2.77
Q13263,489,-2.74
Q13263,541,-1.56
Q13263,594,-0.55
Q13263,601,-0.55
Q13263,611,-0.55
Q13263,612,-0.55
Q13263,752,1.66
Q13263,756,1.66
Q13263,757,1.66
Q9UPT8,908,-0.69
Q9UPT8,1114,1.7
Q9UPT8,1275,0.1
O75146,1017,2.05
O75821,38,-0.11
O75821,41,-0.19
O75821,42,-0.24
Q9NUL5,2,-7.11
Q8WUA2,178,0.15
Q8WUA2,182,0.15
Q8WUA2,188,0.8
Q9NR19,30,-0.34
Q14687,909,-2.88
Q9Y248,179,2.87
Q9Y248,180,2.87
Q9Y248,182,2.87
Q92609,541,1.08
P53396,328,-0.01
P53396,453,0.36
P53396,455,-0.18
P53396,457,0.36
P53396,478,-3.11
P53396,481,0.31
Q96A65,237,0.79
Q4VC44,21,0.17
P35637,304,0.18
P09661,197,0.64
P22670,159,0.58
Q8TEM1,1844,-0.49
Q8TEM1,1874,-6.1
Q8TEM1,1877,-6.1
O43159,126,0.09
Q14156,220,0.04
Q14156,694,0.81
Q9H0C8,13,-0.4
Q96I15,137,0.25
P27694,135,-0.17
P27694,384,-3.31
O95218,9,-1.22
O95218,114,0.32
O95218,120,0.15
O95218,153,0.6
O95218,181,-0.77
O95218,188,-0.11
P52758,2,0.03
O75616,173,-3.99
P49321,448,-1.54
P49321,451,0.16
P49321,503,-1.14
P49321,726,0.77
O00203,276,0.57
O00203,609,-3.26
Q9C0E2,521,-0.43
Q9C0E2,524,0.51
Q9NZL4,351,-0.22
Q9NZL4,356,-0.22
Q8NAV1,209,-0.83
Q8NAV1,226,-0.01
P04083,5,-0.37
P04083,37,0.05
O14545,323,0.27
O14545,326,0.19
O14545,327,0.19
O14545,409,0.44
O14545,414,0.09
O14545,415,0.04
Q12815,98,1.7
Q12815,271,0.04
Q12815,334,-6.12
Q12815,376,-2.54
Q9BXF6,307,-0.04
Q9BXF6,494,-0.07
Q9BXF6,538,-0.96
Q96EL3,92,-0.13
Q99547,147,-4.37
O43237,194,-0.45
Q9Y613,367,0.29
O43752,127,-0.79
O43752,129,0.35
Q9BVC5,189,1.08
Q9BVC5,193,1.08
Q52LR7,538,-0.01
O00425,184,0.03
O15504,347,-2.71
Q9C0H2,519,-2.86
Q9C0H2,522,-2.86
P30419,47,-0.73
Q07955,2,0.38
Q07955,199,-0.39
Q07955,201,-0.3
Q07955,242,-0.3
J9JIC7,8,-2.69
J9JIC7,10,-2.47
Q9BX63,956,-5.24
Q9BX63,1237,-3.61
O95251,162,-0.72
O95251,178,-3.32
Q92844,129,-0.87
Q9NXE4,169,0.28
Q9NXE4,763,-1.14
H7BXF5,416,-0.69
Q9H1H9,636,-4.88
Q5JTD0,535,-0.01
Q9BRD0,159,-0.59
Q9BRD0,163,-0.59
Q9BRD0,240,-0.2
Q9BRD0,271,0.31
Q9BTE7,9,0.17
O75815,83,1.84
O75815,182,0.39
O75815,290,0.85
Q5T0N5,295,-0.95
Q5T0N5,430,0.07
Q5T0N5,438,0.07
Q5T0N5,443,0.51
P52732,923,-4.64
P52732,925,-1.42
P52732,926,-0.75
P36405,5,-0.04
Q9UK59,514,-2.05
Q92547,350,-0.08
Q92547,886,1.81
Q92547,888,1.74
Q9NYB9,218,-0.65
Q9NYB9,221,-0.51
Q9NYB9,294,-0.92
Q9NYB9,297,0.15
Q9NYB9,301,-0.11
Q9Y2W2,237,-0.13
Q6VMQ6,56,-3.11
Q6VMQ6,57,-3.11
Q6VMQ6,673,-2.71
P30086,51,0.04
P30086,52,0.03
P30086,54,-0.08
P30086,153,0.23
Q96EN8,528,0.21
Q96EN8,530,0.21
P20700,19,-0.46
P20700,20,-2.73
P20700,23,-2.72
P20700,278,-5.8
P20700,375,-0.51
P20700,391,-2.91
P20700,393,-2.94
P20700,396,-2.91
P20700,575,-3.29
Q8WUM0,7,-0.69
Q8WUM0,45,-2.03
Q8WUM0,50,-1.94
Q8WUM0,72,-2.55
P35251,71,0.41
P35251,156,1.07
P35251,173,0.94
P35251,506,1.5
P35251,518,0.71
O75534,483,-0.23
P60900,17,0.32
Q5M775,344,0.3
Q5M775,425,-3.64
Q5M775,809,-0.81
Q5M775,847,-0.14
Q5M775,912,-0.14
Q13573,518,2.4
Q14126,680,0.05
Q14126,782,0.3
Q14126,1021,-3.24
Q96FV9,2,-0.55
Q96FV9,4,-0.55
Q96FV9,560,-1.12
O00505,60,-2.05
O14519,24,-1.21
O14529,151,8.21
O14529,152,6.88
O14529,157,8.21
P30040,66,-0.32
P49588,399,0.28
P49588,555,1.08
O75822,11,-0.76
O75822,13,-0.76
O75822,109,-2.18
O75822,127,0.16
Q9P035,114,0.52
P62491,190,-3.55
P62491,192,-3.14
P49756,675,1.54
P49756,677,1.54
P49756,683,1.54
P56192,824,-0.2
P56192,833,-0.44
Q15434,106,-1.19
Q15434,269,1.02
Q15185,113,-0.29
Q15185,118,-0.61
P18846,198,-6
P23588,93,-0.31
P23588,192,-0.94
P23588,219,-2
P23588,311,-0.13
P23588,406,0.475
P23588,420,0.29
P23588,422,0.19
P23588,445,0.91
P23588,459,0.35
P23588,461,0.21
P23588,489,0.45
P23588,495,-1.11
P23588,497,-1.37
P23588,498,-0.52
P23588,500,-1.91
P23588,504,-1.16
P49790,202,-2.72
P49790,209,-0.8
P49790,240,-0.98
P49790,333,5.57
P49790,334,3.19
P49790,338,5.57
P49790,515,-2.36
P49790,516,-0.776666666666667
P49790,614,-1.49
P49790,633,-0.18
P49790,1457,1.18
P49790,1463,1.18
P33991,3,2.1
P33991,31,-0.29
P33991,32,-0.29
P33991,120,-1.36
P33991,131,0.68
P33991,406,-0.96
O75190,277,0.44
Q8NEZ4,46,-4.47
Q15629,365,-0.28
Q9Y6D6,1569,0.84
Q96HE9,344,-2.87
Q99640,40,-1.69
Q9Y4R8,688,0.43
P49916,209,0.58
P49916,210,0.56
P49916,241,0.75
P49916,242,0.99
P49916,244,0.6
O60291,524,-2.46
Q9BUZ4,426,0.51
Q14562,456,-0.14
Q14562,460,-0.39
Q9NX63,50,0.82
O14745,280,-0.81
O14745,288,-0.35
O14745,291,-0.35
O14745,293,-0.35
Q96IF1,119,0.85
Q96IF1,237,-1.88
Q9P2F8,148,-1.98
P18887,226,-0.44
P18887,236,0.43
P18887,241,0.44
P18887,266,-2
P36507,23,0.84
P36507,226,0.63
P36507,293,-0.3
P36507,295,0.36
P36507,394,-0.22
P36507,396,0.29
O00418,18,-0.03
Q16204,46,-1.7
Q16204,52,0.23
Q16204,240,2.55
Q16204,244,2.55
Q16204,249,-2.43
Q16204,254,-3.29
Q16204,323,1.63
Q16204,325,1.36
Q16204,352,-1.87
Q16204,363,-1.87
Q16204,367,-0.09
P52907,9,-0.22
Q9NP74,81,0.88
Q9NP74,253,0.26
Q9NP74,255,0.26
Q9NP74,321,-0.24
Q9NP74,342,-4.15
Q9NP74,364,-1
Q9NP74,370,-1
Q8NI77,684,0.39
Q92890,210,-0.68
Q92890,247,-1.12
Q92890,299,-2.03
Q9NVP1,86,-1.14
Q9NP61,331,-2.37
Q9NP61,453,-0.14
Q6ICB0,25,-3.11
Q9NZN4,468,-0.965
Q9BQ70,602,-1.06
O95785,222,-5.67
O95785,270,-2.94
O95785,289,1.35
O95785,406,-1.14
O95785,660,-1.97
O95402,535,-2.77
P42702,1077,0.64
Q9H0J9,263,-3.7
Q9C0D5,1665,-0.89
Q9C0D5,1668,-0.89
Q96PE2,461,-0.52
Q15054,307,-0.27
O75937,35,-0.77
Q7Z460,1091,0.64
Q7Z460,1196,-5.76
Q8N3X1,18,0.55
Q8N3X1,116,2.4
Q8N3X1,429,-0.27
Q8N3X1,431,0.17
Q8N3X1,432,-0.1
Q8N3X1,499,0.16
Q8N3X1,508,0.16
Q8N3X1,516,0.22
Q8N3X1,517,0.28
Q9UQN3,199,0.17
Q9H2Y7,937,0.1
Q9H2Y7,1026,-0.52
Q9H2Y7,1279,-0.44
P22059,193,0.52
P22059,345,0.62
P22059,351,0.54
P22059,377,0.99
P22059,379,0.99
Q96GY0,223,-1.52
Q96GY0,244,-1.38
Q96GY0,292,-1.62
P19634,693,-0.76
P19634,697,-0.76
P49711,346,-3.17
P49711,402,1.29
P49711,450,9.1
P48444,493,-0.51
P15336,112,-1.41
P81274,408,-0.15
Q14566,13,2.69
Q14566,271,-0.82
Q14566,413,3.5
Q14566,758,-0.02
Q14566,762,-0.02
O43432,495,0.48
O14530,187,-1.12
O14530,188,-1.88
Q9Y2X3,351,-8.14
Q9Y2X3,502,0.23
Q9P270,377,0.2
Q9P270,391,-4.97
Q9Y4G8,583,1.53
Q9Y4G8,959,-0.34
Q9Y4G8,960,-0.34
Q9Y6N8,784,-0.33
Q9Y6N8,788,-0.33
Q15291,497,0.77
O15234,66,1.13
O15234,263,0.82
O15234,265,0.89
O15234,363,-1.47
Q08J23,456,0.58
Q08J23,461,-1.11
Q08J23,473,-0.97
Q08J23,593,3.48
Q08J23,743,0.64
Q08J23,751,0.53
P27708,1859,1.04
P27708,1900,-3.23
Q9HCN4,326,0.92
Q9HCN4,328,1.42
O60763,645,-3.55
O95263,517,-0.36
Q9NS91,99,-2.9
Q9NS91,103,-2.58
Q9NS91,471,-1.01
Q9P209,156,-2.86
Q9P209,237,-1.51
Q9P209,404,-1.69
Q8IZH2,1656,-1.34
Q9GZZ9,302,-0.07
P49736,13,-1.76
P49736,25,0.18
P49736,26,0.18
P49736,27,0.18
P49736,35,0.42
P49736,39,0.42
P49736,40,0.42
P49736,41,0.23
P49736,53,0.23
P49736,108,1.84
P49736,137,-0.12
P49736,139,-0.12
P20585,1099,-4.26
Q17RY0,99,1.59
Q17RY0,332,-1.47
Q9NW82,631,-0.36
Q9NW82,638,0.3
P26639,39,0.12
Q9P2N5,120,1.03
P21796,101,0.11
P21796,102,-0.42
P21796,104,-0.48
P21796,107,-0.86
P11831,224,-0.24
Q8ND76,270,1.3
Q8ND76,272,1.3
O60934,58,2.76
O60934,429,-0.18
O60934,432,-0.18
O60934,434,-0.18
Q14181,141,1.94
Q14181,150,1.7
Q14181,152,1.7
P53004,230,-0.53
Q9H3S7,1122,-2.36
Q9H3S7,1123,-2.95
P08183,661,-1.75
Q9UBU7,508,1.69
Q15056,21,-0.17
P51531,175,-1.07
P51531,329,-0.06
Q9H788,124,-0.25
Q9H788,261,-0.13
Q9H788,315,0.49
Q9H788,317,0.49
P54278,445,0.51
Q8IX12,627,-0.96
A0A0A0MQV8,390,4.8
A0A0A0MQV8,926,0.84
P78332,360,-0.22
P78332,362,-0.22
P78332,1025,0.1
O94906,275,0.25
Q16630,441,-1.07
P42166,59,0.16
P42166,66,1.06
P42166,67,1.06
P42166,74,0.89
P42166,154,-0.1
P42166,156,-0.1
P42166,158,-0.28
P42166,159,-0.28
P42166,160,0.08
P42166,164,-0.28
P42166,166,-0.28
P42166,177,0.7
P42166,310,-0.69
P42166,351,-1.16
P42166,370,-1.34
P42166,424,-1.77
P42166,436,-2.31
P42166,442,-2.05
P42166,444,-2.61
P42166,458,-1.8
P24941,158,1.65
P24941,160,1.65
Q8NB46,1028,0.86
P06400,249,-1.72
Q9NSV4,1093,-1.18
Q86U38,7,1.19
Q15643,464,-3.14
Q15643,1842,-1.64
P55081,116,-0.65
P55081,118,-0.35
P55081,267,-0.18
P55081,432,-1.87
Q8IV50,5,-0.6
Q7Z2Z1,599,-1.84
Q15911,426,-0.77
Q9ULX3,201,-0.13
O60256,219,-0.12
O60256,227,-0.13
Q9Y4W6,634,-3.63
Q9HC52,110,-0.87
Q9HC52,130,-0.94
Q9HC52,191,0.03
Q9HC52,234,0.72
Q9HC52,256,0.57
Q9HC52,265,0.57
Q9HC52,332,0.69
O00257,349,0.33
P04626,1107,-3.82
O43823,323,-0.5
O43823,328,-0.5
Q99961,286,0.64
Q99961,287,0.74
Q99961,288,0.75
Q96F63,275,-0.34
Q9H0W8,451,1.24
Q96KG9,754,0.36
Q9P2B4,284,-1.5
Q9P2B4,285,-0.59
Q9P2B4,488,0.02
Q9P2B4,523,-2.58
Q9P2B4,549,2.58
Q9P2B4,568,2.99
P28066,14,-0.96
P28066,16,-0.98
P28066,55,1.45
P28066,56,1.47
P28066,63,-1.24
Q92733,114,-0.73
Q92733,157,0.13
Q92733,159,0.48
Q92733,212,-0.37
Q92733,241,-1.32
Q9P2M7,165,-0.56
Q9P2M7,258,-0.93
Q7Z3K3,1364,-0.11
P84077,147,0.38
Q9BU76,217,-0.94
Q9BU76,219,-1.2
Q9BU76,220,-0.54
Q9C0E8,227,-0.42
A0A075B6E4,52,-0.46
Q9Y6G9,207,-0.18
Q9Y6G9,398,-0.63
Q9Y6G9,405,0.3
Q9Y6G9,414,-5.45
Q9Y6G9,421,-0.43
Q9Y6G9,487,0.57
Q9Y6G9,510,0.53
Q9Y6G9,512,2.83
Q9Y6G9,515,3.89
Q9Y6G9,516,1.13
Q9Y6G9,518,1.05
Q9UGP4,272,0.16
Q9UGP4,294,-1.57
Q9UGP4,304,-3.71
Q9UGP4,423,-1.85
Q9UGP4,424,-2.33
P02794,175,-0.28
P02794,179,-0.28
P02794,183,-0.34
Q03188,130,0.53
Q03188,773,0.64
Q8NB90,274,2.21
Q96HR8,315,0.07
P61927,96,0.16
P61927,97,0.33
Q99650,826,2.27
Q9Y6G5,155,-1.78
Q8WWQ0,107,0.04
Q8WWQ0,692,-0.33
Q8WWQ0,911,0.35
Q8WWQ0,1315,0.65
Q8WWQ0,1522,0.77
Q8WWQ0,1524,-0.48
Q8WWQ0,1525,0.77
Q8WWQ0,1559,-1.78
Q8WWQ0,1560,-1.67
Q8WWQ0,1565,-1.78
Q8WWQ0,1783,-0.65
Q15651,6,0.42
Q15651,31,0.98
H7BXI1,639,-0.78
P00533,693,-1.29
P00533,695,-1.29
P00533,991,0.22
P00533,993,-5.81
P00533,995,0.11
P00533,1064,-0.89
P00533,1166,-0.33
Q96H79,256,-1.39
Q96H79,257,-1.39
Q96H79,259,-4.67
Q9UMY4,69,-0.5
P54274,11,0.4
B3KS98,197,-0.28
Q9Y6M9,89,-0.51
Q86WR7,179,-0.33
Q86WR7,212,-0.93
Q86WR7,311,-0.24
Q86WR7,312,-0.18
Q08945,444,0.44
Q08945,452,0.44
Q14207,204,2.37
Q14207,207,2.37
Q6IAA8,26,-3.54
Q6IAA8,27,-3.54
Q6IAA8,98,0.56
Q6IAA8,100,0.56
O94776,433,-0.99
O94776,435,-0.98
O94776,534,-0.86
O94776,548,-3.37
B7WPE2,882,-4.54
Q9BW71,27,1.42
Q9BW71,125,1.52
Q9BW71,227,1.49
Q9BW71,291,1.62
Q9BW71,471,-1.85
Q53EL6,76,2.01
Q53EL6,78,2.01
Q53EL6,93,0.29
Q53EL6,94,0.45
Q53EL6,457,1.22
Q03393,19,0.27
Q03393,21,0.27
Q9Y4E8,229,0.63
Q9Y4E8,242,-0.49
Q9Y4E8,244,-3.67
O43583,20,0.32
O43583,69,-1.23
O43583,73,-0.93
Q9H0C2,113,-2.41
Q07157,275,-2.83
Q07157,329,1.9
Q07157,337,1.9
Q07157,353,-6.07
Q07157,354,-0.7
Q07157,379,-1.38
Q07157,402,-1.38
Q07157,617,-0.29
Q07157,1366,-0.38
Q07157,1425,0.9
Q07157,1617,0.14
Q6NZ67,34,-0.18
Q6NZ67,139,0.07
Q6NZ67,152,-0.07
Q71F56,2083,3.21
Q5W0B1,717,0.17
Q5W0B1,719,0.14
Q5W0B1,721,0.17
Q2TBE0,479,0.49
P47974,57,0.71
P47974,490,0.92
Q6KC79,162,2.55
Q6KC79,318,0.6
Q6KC79,350,0.61
Q6KC79,757,-0.06
Q6KC79,874,0.77
Q6KC79,2658,-3.4
Q641Q2,331,0.27
Q641Q2,333,0.27
Q641Q2,935,0.43
Q9BVS4,337,0.68
O60264,66,-2.04
O60264,116,-0.19
O60264,755,-0.74
P49792,779,-0.52
P49792,781,-0.52
P49792,799,-1.82
P49792,951,0.26
P49792,955,-1.62
P49792,1110,-5.63
P49792,1118,-5.63
P49792,1160,-0.05
P49792,1396,-1.79
P49792,1399,-1.54
P49792,1400,-1.85
P49792,1447,-0.32
P49792,1833,-1.59
P49792,1835,-1.59
P49792,1869,-0.93
P49792,2153,-1.44
P49792,2280,-0.18
P49792,2450,-0.8
P49792,2454,-1.19
P49792,2510,-1.91
P49792,2538,-0.32
P49792,2609,-2.23
P49792,2900,0.56
P49792,3204,-0.81
P49792,3207,-0.81
P29083,268,-2.86
O94826,75,0.01
O94826,85,-0.05
O94826,91,-0.04
O94826,96,-0.03
O94826,110,-1.91
Q7Z6J0,304,0.94
P78310,306,0.39
Q96HH9,252,2.43
Q9BYG3,220,0.46
Q9BYG3,223,0.64
P27707,74,1.34
Q6PL18,41,0.09
Q6PL18,327,0.25
Q6PL18,336,0.08
Q6PL18,337,0.08
Q6PL18,342,0.08
Q6PL18,1233,-1.94
Q6PL18,1243,-1.16
Q6UVJ0,493,-2.67
Q6UVJ0,507,-6.42
Q6UVJ0,510,-1.83
Q6UVJ0,657,-4.2
Q12965,736,0.93
Q12965,980,0.7
Q9UKG1,401,0.15
Q9UKG1,403,-1.45
Q15788,395,-3.04
A0A2U3TZI2,363,0.08
A0A2U3TZI2,365,-0.56
Q96PY5,171,-0.21
Q96PY5,179,-2.59
P16333,85,-6.07
P16333,105,-0.69
Q32MZ4,83,-0.1
Q32MZ4,84,-0.01
Q32MZ4,88,0.21
Q32MZ4,92,0.21
Q32MZ4,657,-1.02
Q32MZ4,658,-1.02
Q32MZ4,677,-0.49
Q32MZ4,710,-0.06
Q32MZ4,712,-0.06
O60841,9,-1.11
O60841,78,1.03
O60841,107,2.39
O60841,113,2.39
O60841,135,0.66
O60841,137,0.45
O60841,164,0.22
O60841,190,-0.7
O60841,214,0.44
O60841,222,0.44
O60841,295,-0.48
O60841,1168,-0.65
Q9ULJ8,839,-0.13
A0A0A0MQY8,548,-0.47
Q9NYP9,36,-0.64
Q9HCD5,3,0.18
Q9HCD5,6,0.18
Q9HCD5,9,0.18
Q9HCD5,126,-4.59
Q9NZT2,315,0.04
Q9NZT2,378,0.28
Q9NZT2,478,-0.84
Q9NZT2,484,-0.91
Q9NZT2,537,0.31
Q9NZI8,181,-0.08
Q01081,19,-0.55
Q8TAP8,52,-2.67
Q16643,143,0.34
Q16643,144,-1.15
Q16643,337,2.72
Q16643,339,-2.88
Q16643,341,2.72
Q16643,343,0.74
Q96RE7,188,-1.43
O95639,202,2.8
Q9UFC0,212,0.33
Q9UFC0,241,0.81
Q9UFC0,243,0.82
Q9UFC0,245,0.71
Q96RN5,563,-0.04
P49585,315,0.19
P49585,339,0.24
P05787,400,-3.59
Q8NC56,499,1.46
Q9NQ29,363,0.5
Q96CP2,21,-1.01
Q04323,200,-1.56
Q9BUA3,248,-0.25
Q9BUA3,308,0.43
Q86TM6,612,-3.34
Q9UPU5,1141,-0.89
Q9UPU5,1143,-0.89
Q9UPU5,1610,-1.49
Q9UPU5,1612,-1.63
Q9UPU5,1616,-1.49
Q9UPU5,2043,-0.93
Q9UPU5,2047,-0.23
Q9UPU5,2559,-0.23
Q9UPU5,2561,0.42
Q9UPU5,2565,-0.23
Q9UPU5,2570,-0.23
Q9UPU5,2604,-1.12
Q8IZT6,34,-4.36
Q8IZT6,280,-2.1
Q8IZT6,348,-3.37
Q8IZT6,367,-1.41
Q8IZT6,392,-1.84
Q8IZT6,425,-1.35
Q9Y2X9,116,0.52
Q9Y2X9,160,-1.18
Q8NFH5,48,1.34
Q8NFH5,73,-2.49
Q8NFH5,99,0.98
Q8NFH5,100,-1.25
Q8NFH5,259,-4.93
Q8NFH5,265,1.28
Q8NFH5,308,-1.2
Q96ST2,377,-0.07
Q96ST2,398,0.48
Q96ST2,400,0.48
Q8TCJ2,18,-3.24
Q8TCJ2,21,-2.45
Q8TCJ2,498,0.64
Q9UK58,352,0.43
Q9UK58,445,0.11
Q96N46,670,-0.75
Q96N46,671,-0.75
Q8TF72,677,-2.99
Q8TF72,910,0.13
Q96AT1,50,0.05
Q96AT1,110,-1.77
P62140,311,-1.62
P62140,316,-0.75
Q8TDB6,9,-0.53
Q8TDB6,202,-0.55
P18084,779,0.49
P18084,780,0.49
Q8TAD8,35,1.89
Q8TAD8,49,1.97
Q8TAD8,52,2.09
Q8TAD8,54,2.09
Q8TAD8,99,-0.4
Q9BXB4,27,-4.12
Q9BXB4,179,0.07
Q9BXB4,181,0.07
Q9BXB4,189,-0.97
O94888,268,0.1
O94888,269,0.28
P13798,187,-0.05
Q6UXN9,6,-3.41
O75446,131,1.34
O75446,138,-2.32
P08758,94,0.88
Q9Y2F5,255,1.32
Q9Y2F5,1588,-0.25
Q9Y2F5,1642,-1.43
Q9Y2F5,1854,-0.38
P46821,1400,-4.1
P46821,1501,4.68
P46821,1503,4.68
A0A0A0MQZ5,215,-2.8
A0A0A0MQZ5,218,0.19
A0A0A0MQZ6,81,-2.95
O60493,50,-0.94
O95391,215,-0.18
O95391,235,-0.03
O60216,46,-0.77
O60216,153,-1.58
Q96HR3,2,-4.24
Q9H814,14,0.19
Q9H814,16,0.32
Q9H814,18,0.09
Q9H814,296,-3.56
Q69YN4,1578,-0.31
Q69YN4,1579,-0.2
Q8N5L8,100,0.5
Q16649,301,0.71
Q9H6R4,811,-1.6
Q6PCE3,173,-0.95
Q6PCE3,175,-0.95
O94913,633,0.44
O94913,705,-0.41
O94913,777,-0.35
O94913,1161,-0.62
Q15018,280,-0.45
Q969J3,27,-1.36
Q969J3,29,-1.35
Q86U44,43,-1.24
Q86U44,219,-0.54
Q8WWH5,11,-0.28
Q7Z5K2,77,-2.44
Q7Z5K2,81,-0.6
Q7Z5K2,221,-0.24
P17980,9,-0.7
Q96QK1,7,-3.4
Q96K21,286,-0.89
Q96K21,395,-1.01
P12277,4,-1.09
P78371,3,-2.08
Q8NCN4,11,-5.85
Q8NCN4,403,-1.51
Q5BJD5,18,-8.39
Q92610,691,-0.38
Q92610,1089,-0.15
Q9NYB0,32,-2.94
Q9NYB0,36,-2.53
Q9NYB0,154,-0.15
Q9NYB0,156,-1.32
Q9NYB0,203,1.15
Q9NYB0,205,1.15
P53350,214,-9.17
Q86TB9,179,1.61
Q9Y3Q8,165,0.09
Q9Y3Q8,229,0.85
Q9ULW0,292,-5.09
Q9ULW0,293,0.17
Q9ULW0,486,-0.39
Q9ULW0,738,-0.3
Q8ND24,15,-0.2
Q8ND24,47,-6.62
Q8ND24,154,-3.5
Q8ND24,511,-2
Q15648,1192,-1.42
Q15648,1401,-4.05
Q15648,1403,-2.21
Q13586,517,0.99
Q13586,519,0.99
Q13586,575,0.13
Q13586,616,0.91
P61006,181,-1.76
P61006,185,-1.76
Q86VM9,32,-1.87
Q86VM9,46,-0.92
Q86VM9,95,0.48
Q86VM9,162,-1.22
Q86VM9,487,0.01
Q86VM9,492,-0.05
Q86VM9,532,-2.11
Q86VM9,534,-0.29
Q86VM9,536,-1.39
Q86VM9,842,0.53
Q86VM9,851,-0.7
Q86VM9,852,-0.7
Q86VM9,868,0.1
Q86VM9,893,0.27
Q86VM9,896,-0.43
Q9BQE3,48,-1.47
Q9BQE3,51,-1.37
Q9P265,100,-3.15
Q9GZP8,12,0.45
Q9GZP8,29,0.44
Q13111,65,0.38
Q13111,138,-1.23
Q13111,141,-0.52
Q13111,143,-0.5
Q13111,224,-0.31
Q13111,255,0.03
Q13111,308,-0.99
Q13111,310,-0.64
Q13111,454,-2.94
Q13111,722,-2.18
Q13111,770,1.57
Q13111,772,1.57
Q13111,775,1.57
Q13111,873,-0.83
Q13111,876,-0.83
Q9UQ35,316,-1.54
Q9UQ35,317,-1.54
Q9UQ35,318,-1.54
Q9UQ35,322,-1.54
Q9UQ35,323,-1.54
Q9UQ35,328,-1.54
Q9UQ35,335,-0.17
Q9UQ35,353,-1.62
Q9UQ35,367,-0.28
Q9UQ35,377,-3.41
Q9UQ35,395,-3.41
Q9UQ35,398,-3.41
Q9UQ35,400,-3.41
Q9UQ35,435,-1.95
Q9UQ35,440,-1.97
Q9UQ35,459,-1.23
Q9UQ35,778,-2.17
Q9UQ35,780,-1.97
Q9UQ35,783,-1.97
Q9UQ35,838,0.03
Q9UQ35,839,-1.68
Q9UQ35,854,1.68
Q9UQ35,857,1.68
Q9UQ35,864,1.68
Q9UQ35,866,1.68
Q9UQ35,871,-2.52
Q9UQ35,876,-0.92
Q9UQ35,894,-2.09
Q9UQ35,895,-1.55
Q9UQ35,924,-1.09
Q9UQ35,935,-0.88
Q9UQ35,937,-0.88
Q9UQ35,952,-0.83
Q9UQ35,954,-0.76
Q9UQ35,972,-2.17
Q9UQ35,983,-1.29
Q9UQ35,992,-0.11
Q9UQ35,994,0.07
Q9UQ35,1003,-1.25
Q9UQ35,1008,-1.23
Q9UQ35,1014,0.37
Q9UQ35,1028,-3.71
Q9UQ35,1032,-1.85
Q9UQ35,1041,-0.71
Q9UQ35,1043,-2.83
Q9UQ35,1061,0.93
Q9UQ35,1063,0.93
Q9UQ35,1064,-0.735
Q9UQ35,1072,2.26
Q9UQ35,1073,-2.4
Q9UQ35,1079,-2.14
Q9UQ35,1081,-2.14
Q9UQ35,1083,-2.14
Q9UQ35,1085,-2.14
Q9UQ35,1103,0.36
Q9UQ35,1112,-1.22
Q9UQ35,1122,-2.22
Q9UQ35,1124,-1.77
Q9UQ35,1129,-0.41
Q9UQ35,1132,-0.41
Q9UQ35,1177,-0.3
Q9UQ35,1179,-0.08
Q9UQ35,1188,-2.05
Q9UQ35,1198,-1.06
Q9UQ35,1199,-0.41
Q9UQ35,1205,0.76
Q9UQ35,1208,-0.33
Q9UQ35,1231,3.37
Q9UQ35,1232,1.09
Q9UQ35,1233,2.77
Q9UQ35,1257,-0.66
Q9UQ35,1318,0.86
Q9UQ35,1320,0.95
Q9UQ35,1326,0.5
Q9UQ35,1329,0.86
Q9UQ35,1336,-2.28
Q9UQ35,1349,-2.74
Q9UQ35,1378,-2.14
Q9UQ35,1382,-2.28
Q9UQ35,1383,-2.27
Q9UQ35,1384,-2.28
Q9UQ35,1387,1.97
Q9UQ35,1397,0.08
Q9UQ35,1401,0.08
Q9UQ35,1403,0.08
Q9UQ35,1413,-0.07
Q9UQ35,1434,-0.72
Q9UQ35,1436,-0.72
Q9UQ35,1460,-2.22
Q9UQ35,1462,-2.36
Q9UQ35,1463,-2.12
Q9UQ35,1472,-1.06
Q9UQ35,1492,-0.21
Q9UQ35,1511,0.53
Q9UQ35,1527,-0.05
Q9UQ35,1531,-0.35
Q9UQ35,1537,-0.43
Q9UQ35,1592,-0.98
Q9UQ35,1694,-1.1
Q9UQ35,1857,-1.52
Q9UQ35,1869,-1.18
Q9UQ35,1913,-1.71
Q9UQ35,1916,-1.71
Q9UQ35,1975,0.09
Q9UQ35,1986,0.23
Q9UQ35,1987,0.23
Q9UQ35,2032,-2.05
Q9UQ35,2044,-2.15
Q9UQ35,2100,-1.97
Q9UQ35,2102,-1.97
Q9UQ35,2104,-1.59
Q9UQ35,2121,-0.31
Q9UQ35,2123,-0.36
Q9UQ35,2125,-0.46
Q9UQ35,2132,-1.02
Q9UQ35,2261,-5.72
Q9UQ35,2272,-1.96
Q9UQ35,2289,-0.56
Q9UQ35,2291,-0.56
Q9UQ35,2329,-0.72
Q9UQ35,2335,0.04
Q9UQ35,2343,-2.51
Q9UQ35,2347,-2.52
Q9UQ35,2381,-5.51
Q9UQ35,2382,-5.43
Q9UQ35,2388,2.69
Q9UQ35,2397,0.05
Q9UQ35,2398,-0.17
Q9UQ35,2407,-0.76
Q9UQ35,2426,-0.42
Q9UQ35,2436,-1.48
Q9UQ35,2449,-1.58
Q9UQ35,2453,-1.48
Q9UQ35,2456,-1.53
Q9UQ35,2581,-0.56
Q9UQ35,2583,-0.57
Q9UQ35,2599,-1.43
Q9UQ35,2664,-0.11
Q9UQ35,2684,-1.13
Q9UQ35,2688,-1.13
Q9UQ35,2690,-2.23
Q9UQ35,2694,-1.27
Q9UQ35,2702,-1.43
Q9UQ35,2706,-1.43
Q1KMD3,161,0.21
Q1KMD3,165,0.21
Q1KMD3,226,-0.62
Q1KMD3,228,-0.15
Q14247,261,-1.25
Q14247,399,-1.5
Q14247,401,2.4
Q14247,417,-0.61
Q14247,418,-0.88
Q14247,421,-0.32
Q14247,426,-0.81
Q96KB5,9,-0.57
Q96KB5,32,-2.52
Q96KB5,59,-1.09
Q9H6X2,362,-0.46
P51608,78,-2.65
P51608,80,-2.43
P51608,160,-2.08
Q9H9J4,856,-0.64
O43683,563,0.72
O43683,596,-0.31
O43683,655,0.48
O43683,755,-2.18
Q9UQ80,2,0.34
Q9UQ80,19,-0.31
Q9UQ80,360,-1.07
Q9UQ80,361,-0.19
Q9UQ80,363,0.51
P34932,384,-1.75
Q15696,349,-1.46
Q15696,384,-0.61
Q68EM7,547,0.09
Q68EM7,604,-0.31
P17275,117,0.22
P17275,251,-1.81
P17275,255,-1.81
Q29RF7,1232,-0.58
Q29RF7,1233,-0.58
Q29RF7,1305,-0.05
Q9BW91,68,-2.2
Q9BW91,118,-3.54
Q9BW91,121,-0.66
P30622,143,-0.23
P30622,286,0.13
P30622,287,-1.73
P30622,348,-0.1
P30622,1353,-1.2
Q86V48,394,-0.43
Q86V48,423,3.52
Q86V48,659,-0.06
Q86V48,745,-0.33
Q86V48,804,-2.98
Q5T0W9,466,3.11
Q5T0W9,664,1.78
Q5T0W9,782,-2.35
O75526,58,-1.09
Q8TAP9,133,-0.745
P49327,724,0.36
P49327,725,0.36
P49327,974,0.73
P49327,2236,0.6
P35221,634,0.31
P35221,641,0.31
Q9Y4B5,263,-0.79
Q96N64,81,-0.44
Q53T59,3,-1.22
P39748,335,-0.62
Q15365,171,-0.68
Q15365,173,-0.3
Q15365,180,-0.99
Q15365,189,-2.1
Q15365,190,-0.9
Q15365,231,-2.79
Q15365,246,-1.21
Q15365,262,-1.21
Q15365,263,-1.21
Q15365,264,-0.97
Q86VS8,707,-3.95
Q9P2D0,1045,-1.36
Q9P2D0,1049,-6.67
Q9P2D0,1068,0.58
Q15393,1200,-1.91
P31948,481,-0.54
Q9BWH6,321,0.02
J3KNE7,149,-0.75
J3KNE7,154,-0.36
P61981,71,0.25
P61981,168,-0.57
Q8NEM2,5,3.45
Q8NEM2,42,-1.59
Q8NEM2,44,-1.59
Q8NEM2,634,-2.89
Q9NQS1,273,0.81
Q9ULM3,402,-6.52
Q9ULM3,407,-6.52
Q9ULM3,409,-6.52
Q9ULM3,447,-0.07
Q9ULM3,465,-1.65
Q9ULM3,514,0.55
Q9ULM3,516,-0.02
Q9ULM3,519,-0.02
Q9ULM3,575,-1.01
Q9ULM3,627,0.54
P33176,917,-0.38
P33176,933,-0.38
P33176,938,-3.26
Q9NZJ5,715,-2.83
Q8IU81,66,-0.15
Q8IU81,186,-3.05
Q8IU81,421,-2.01
Q8IU81,436,-0.65
Q8IU81,453,0.03
Q8N122,863,0.65
Q8N122,865,0.64
Q8N122,877,0.23
Q969G5,188,-2.29
Q9NYD6,189,-2.14
Q8WUM4,730,-3.97
Q96D46,468,0.12
Q96D46,470,0.12
P10412,2,0.36
P10412,4,0.36
P10412,18,0.4
P10412,36,-0.02
P10412,146,1.26
P10412,187,1
P26368,2,0.21
P26368,79,0.22
P26373,106,0.37
Q8IWJ2,1483,-3.31
P13639,54,-0.74
P13639,57,-0.38
P13639,59,-0.54
P13639,399,-0.64
P13639,435,-0.13
Q9UNX4,240,-0.73
Q9UNX4,241,-0.73
Q9BVG9,16,0.8
Q8NB16,125,-1.43
Q9Y2U8,27,-0.95
Q9Y2U8,185,-3.54
Q9Y2U8,187,-3.54
Q9Y2U8,209,-2.55
Q9Y2U8,883,-2.45
Q04695,10,0.46
Q04695,13,0.86
Q04695,32,-1.52
Q04695,39,-1.52
Q7L2J0,175,0.91
Q7L2J0,179,0.91
Q7L2J0,245,0.07
Q7L2J0,254,-0.62
Q7L2J0,291,-0.35
Q7L2J0,330,0.91
Q7L2J0,390,2.91
Q9NYL9,25,-0.22
Q9NYL9,27,-0.21
Q14865,21,-0.43
Q6RFH5,342,1.43
Q96JH7,997,0.21
Q96JH7,1128,-2.76
O94979,799,0.27
O94979,1049,-0.09
Q6L8Q7,217,-2.06
Q9H792,1036,1.04
Q16555,509,-1.37
Q16555,537,0.56
Q16555,542,-1.78
A1X283,279,-0.77
A1X283,291,-0.77
A1X283,353,-0.54
Q6P0N0,991,-1.11
P78536,791,-0.55
Q969S3,276,-5.06
Q96C90,29,-1.73
Q96C90,32,-2.22
Q96C90,143,3.79
Q13200,16,-0.59
Q13200,24,-0.59
O43290,521,-3.44
Q07960,49,0.65
Q07960,51,0.74
P62195,303,-0.3
Q9P275,580,-0.61
Q9P275,582,-0.61
Q9P275,713,0.44
Q8N1F7,52,-0.49
Q8N1F7,767,-0.41
Q8N163,35,-5.08
Q8N163,124,-0.94
Q9BUQ8,14,0.54
Q9BUQ8,16,0.54
Q9BUQ8,109,0.83
O15446,128,-0.37
O15446,136,-0.85
O15446,282,2.19
O15446,285,0.61
Q8IWW6,165,6.39
Q8IWW6,262,-3.71
Q9BTA9,408,0.21
Q99638,277,-1.74
Q99638,387,-0.85
P36578,295,-0.68
P36578,365,-0.46
O95747,324,-3.62
O95747,339,0.08
Q96PK6,161,0.17
Q96PK6,206,-0.47
Q96PK6,215,-0.03
Q96PK6,220,0.09
Q96PK6,225,0.09
Q96PK6,562,-0.06
Q96PK6,571,-0.06
Q96PK6,572,-0.06
Q96PK6,618,1.41
Q96G46,236,-6.23
Q96G46,240,-5.81
A0A024R4E5,31,0.16
P52594,179,1.12
P52594,181,1.11
Q68CZ2,660,-0.2
Q68CZ2,662,-4.89
Q68CZ2,690,0.66
Q68CZ2,732,-0.84
Q68CZ2,776,0.07
Q68CZ2,780,-0.08
Q68CZ2,1154,1.7
Q5T5Y3,285,1.09
Q5T5Y3,802,0.9
P42575,158,-3.6
Q8N3D4,1273,1.18
Q9NPF5,445,-0.02
Q15545,200,1.08
Q15545,201,0.2
Q15545,205,2.92
Q15545,264,-2.43
Q9NQX3,270,-0.1
Q6ZVM7,378,0.47
Q9HAW4,225,2.29
Q9HAW4,810,-2.62
Q9HAW4,1287,-1.13
Q9HAW4,1289,-1.16
P11940,342,-3.65
P11940,599,-0.81
P56270,302,-2.94
Q8IUW5,109,-0.97
P98082,227,0.6
P98082,231,0.6
P98082,401,0.12
P98082,422,-1.79
P78527,2670,-2.09
P78527,2671,-2.09
P78527,3204,-0.56
P78527,3364,-1.99
O15067,569,-0.24
Q6P1N0,120,-0.4
Q6P1N0,238,1.08
Q6P1N0,239,1.08
Q6P1N0,455,-0.87
Q96DH6,14,-0.67
Q07666,18,0.37
Q07666,20,0.6
Q07666,58,-2.08
Q07666,61,-2.05
Q6AI39,674,1.32
Q13177,2,-0.8
Q13177,141,0.4
Q8IWA0,796,-2.18
Q8IWA0,798,-2.08
O15534,704,-1.12
Q9NXL9,762,-0.34
Q8WVC0,10,-0.19
Q8WVC0,14,-0.19
Q8WVC0,294,-0.37
Q8WVC0,300,0.01
Q8WVC0,598,-1.12
Q8N6T3,135,2.28
Q8N6T3,368,-1.49
P28290,92,1.2
P28290,737,-0.7
P28290,739,-0.71
P28290,759,-6.15
P28290,1040,-1.06
O43395,105,0.35
O43395,131,-3.39
O43395,133,-3.46
O43395,172,1.05
O43395,619,0.51
Q6XZF7,495,-5.3
P78316,96,-1.32
Q13112,409,0.785
Q13112,419,0.72
Q13112,422,0.72
Q13112,429,-0.59
Q13112,432,-1.03
Q13112,458,0.64
Q12996,691,-0.39
Q9Y490,423,-0.19
Q9Y490,425,-0.84
Q53HL2,219,-1.21
O43150,701,-3.82
Q6VY07,429,-1.24
Q6VY07,430,-1.24
Q6VY07,504,-3.25
O15014,576,-0.94
O15014,804,-2.16
O15014,806,-9
Q70E73,610,0.51
Q70E73,894,-0.44
Q70E73,1010,-1.07
Q70E73,1012,-2.44
Q70E73,1153,1.2
Q70E73,1154,0.45
Q15022,546,-1.53
O00499,296,-0.24
O00499,298,0.96
O00499,303,0.96
O00499,323,-1.57
O00499,331,-1.57
O00499,333,-1.57
Q9H9A7,225,-4.75
Q9H9A7,284,0.45
O75643,26,-2.4
O75643,225,-0.06
A0A0A0MR42,1502,-0.64
A0A0A0MR42,1514,0.8
Q5PRF9,606,0.06
Q5PRF9,607,0.98
P08581,995,0.75
P08581,1006,-0.13
P17987,544,-0.28
P17987,551,-0.28
P53611,3,-0.36
Q08117,9,-0.05
Q08117,11,-0.49
Q08117,196,-0.46
P13807,727,-1.53
Q9Y3T9,49,-0.51
Q9Y3T9,56,-0.61
Q9Y3T9,60,-0.51
Q9Y3T9,672,-0.28
O75569,18,0.47
O75569,20,0.62
Q96I24,76,-2.25
Q96I24,296,-0.41
Q96I24,539,-0.53
P19338,67,0.62
P19338,69,0.67
P19338,76,-0.81
P19338,84,-3.45
P19338,99,-2.16
P19338,105,-0.49
P19338,106,-0.49
P19338,113,-5.07
P19338,121,-3.36
P19338,145,-0.1
P19338,153,-0.19
P19338,496,-1.03
P19338,498,-9.35
P19338,563,-0.69
P19338,619,0.22
Q8IZA0,978,-1.67
Q96E39,88,0.15
Q96E39,326,-0.11
Q9UJX5,777,-0.25
Q13435,302,-3.5
Q13435,309,-3.5
Q13435,346,-0.8
Q13435,362,-0.77
Q13435,778,0.17
Q13435,780,0.17
Q9BXK5,303,-0.93
Q9BXK5,426,-1.84
Q7KZ85,125,0.79
Q7KZ85,267,-3.15
Q7KZ85,619,-5.68
Q7KZ85,1523,-7.45
Q53TN4,285,-0.37
Q6ZSZ5,945,-0.14
Q04726,203,-0.18
Q04726,217,-1.43
Q04726,286,3.23
Q04726,328,-0.38
P37275,646,-0.91
P37275,673,1.43
P37275,679,-0.66
P80723,31,-0.12
P80723,36,-0.12
P80723,194,-0.44
P80723,196,-0.33
Q9Y266,139,-0.66
Q9Y266,145,-0.66
Q9BZ67,437,2.01
Q9BZ67,439,1.95
Q8WY36,183,1.28
Q8WY36,704,0.45
Q8WY36,822,-0.86
O75970,483,-5.3
Q8NAF0,65,-5.37
Q8NAF0,407,-2.53
Q8NAF0,483,0.01
Q9Y285,193,-0.18
Q9HC35,134,-3.54
Q9HC35,138,-3.54
Q9HC35,144,0.47
Q9HC35,146,1.615
Q9HC35,176,-0.6
O43896,915,0.47
O43896,1033,1.09
Q9UBP0,245,1.4
Q9UBP0,268,0.79
Q8N9T8,142,-0.27
Q8N9T8,169,0.57
Q8N9T8,177,-0.04
Q8N9T8,634,3.19
Q8N9T8,645,3.19
Q9BTY7,388,-0.28
P54725,123,-0.05
P54725,294,-0.56
P12268,122,-2.73
P12268,159,0.05
P12268,160,0.05
P12268,416,0.15
P12268,426,2.93
Q9H8Y5,361,-0.22
Q9H8Y5,533,-0.81
Q9H8Y5,675,-3.77
Q96HC4,110,-0.37
Q96HC4,111,-2.91
Q96HC4,115,-2.88
Q96HC4,134,-1.68
Q96HC4,136,-3.63
Q96HC4,137,-0.14
Q96HC4,309,-1.59
Q96HC4,313,-1.59
Q96HC4,360,-0.42
Q96HC4,372,-0.28
Q96HC4,373,-3.12
H7BXR3,395,-1.38
Q9UHX1,297,-3
O94875,13,0.42
O94875,14,-0.13
A0A3F2YNW9,1485,0.89
Q9Y4F1,424,2.63
Q9Y4F1,427,0.68
P17029,10,-0.71
P17029,13,-0.7
P17029,208,-1.93
Q8IZ73,68,0.03
Q9C0C9,836,-1.15
Q9C0C9,838,-0.54
Q9C0C9,839,-1.24
Q96MW1,139,0.29
Q9BWU0,82,0.68
Q9BWU0,312,0.39
Q9BWU0,420,0.42
Q9BWU0,464,0.2
Q9BWU0,466,0.45
Q9BWU0,530,-1.05
Q9BWU0,532,-2.01
Q8NHG8,82,-2.08
Q8NHG8,151,-0.88
Q9NS87,568,-3.78
Q9NS87,1169,-1.32
P11021,518,-1.17
Q9BUR4,54,-1.06
Q9BUR4,64,-1.06
Q9BUR4,85,-0.7
Q9BUR4,87,-0.56
Q9BUR4,90,-0.56
Q9BUR4,489,-0.34
Q9BUR4,491,-0.37
Q5JTH9,980,-1.85
O75030,392,-0.86
P49750,829,-0.62
P48730,382,-0.78
O75385,623,-1.74
O75385,625,-1.74
Q13045,406,-0.26
Q13045,409,-0.26
Q13045,856,-0.81
Q13045,860,-0.81
Q8NCF5,204,1.39
Q8NCF5,300,-1.02
Q8NCF5,314,-4.52
Q8NCF5,337,0.03
Q8NCF5,364,-1.15
Q8NCF5,369,-1.08
Q8NCF5,390,-2.05
P49841,215,0.79
P49841,216,0.79
P49841,219,0.79
Q96EY5,170,-0.54
Q96EY5,202,0.63
Q02040,444,0.16
Q15021,585,0.35
Q15021,586,0.35
Q15021,1331,5.58
Q15021,1333,-1.36
Q15021,1339,1.46
Q8TF76,97,-2.01
P50579,45,0.18
P50579,74,-0.41
Q66K74,582,0.34
Q66K74,657,0.31
Q66K74,759,0.73
Q8WXE0,396,0.4
P52272,467,-0.85
P52272,468,-0.56
P52272,528,-0.31
P52272,575,-0.01
P52272,618,-5.11
P52272,637,0.85
P52272,701,0.78
Q9C0J8,7,-1.07
Q9C0J8,1210,-1.5
Q9C0J8,1213,-2.67
O15027,74,-1.09
O15027,122,-5.15
O15027,129,-4.12
P08238,226,0.74
P08238,255,0.47
P08238,261,0.46
P08238,307,0.65
P08238,309,0.65
Q8WYL5,68,-0.2
Q8WYL5,587,-3.9
P49768,366,0.26
P49768,367,0.26
Q9NV70,471,-0.32
Q9BTK6,237,-1.56
Q9Y6A5,25,-0.44
Q9Y6A5,59,-0.06
Q9Y6A5,71,-0.95
Q9Y6A5,175,-2.98
Q9Y6A5,177,-0.81
Q9Y6A5,250,-0.79
Q9Y6A5,315,-2.97
Q9Y6A5,317,-2.97
Q9Y6A5,402,0.25
P49759,341,-0.63
Q03252,34,-1.29
Q03252,37,-1.29
Q03252,420,0.44
Q03252,422,0.44
Q7Z6J9,267,-2.92
G8JLB6,63,-0.02
G8JLB6,100,-0.19
G8JLB6,104,-0.2
G8JLB6,107,-0.19
G8JLB6,310,-1.23
P43487,18,-2.82
H3BLU1,39,-2.82
H3BLU1,160,-2.14
H3BLU1,162,-2.14
H3BLU1,215,-0.31
Q92530,152,0.63
Q92530,153,-0.31
Q86W26,268,-0.29
Q69YH5,98,0.93
Q69YH5,394,0.09
Q69YH5,400,0.09
Q69YH5,591,0.64
Q69YH5,708,0.1
Q69YH5,936,1.68
Q5VWN6,340,0.93
Q5VWN6,1541,0.21
Q5VWN6,2009,-0.47
P52943,115,-0.12
P85037,101,-0.04
P08047,2,-0.28
P08047,7,-1.18
Q6PK04,19,-0.67
P35606,859,0.63
P35606,861,0.56
Q92522,27,0.33
Q92522,31,0.38
Q92522,33,0.33
P16401,2,0.04
P16401,4,0.04
P16401,11,0.04
P16401,18,0.04
P16401,138,-0.54
P16401,189,-1.96
Q7L4I2,4,1.63
Q7L4I2,6,0.18
Q7L4I2,16,0.18
Q7L4I2,17,0.18
Q7L4I2,30,0.32
Q7L4I2,32,0.32
Q9Y232,201,0.75
Q96MG7,64,-0.54
Q9NSI6,696,0.87
Q9NSI6,1475,-0.08
O14964,310,0.94
Q9Y446,235,-0.54
Q9Y446,238,-0.41
Q9Y446,313,-0.17
Q9Y446,314,-0.19
Q5VZK9,967,0.29
Q5VZK9,968,0.28
Q5VZK9,1331,0.3
O75179,1206,-12.25
O75179,1808,0.54
O75179,1814,0.54
O75179,1816,0.61
P52292,54,-1.9
P52292,61,-2.71
P52292,62,-1.68
Q00577,6,0.06
Q00577,8,0.06
Q00577,63,0.14
Q8NB49,1108,-2.3
A0A0C4DFR3,59,0.25
Q71DI3,29,-0.16
Q15361,65,-0.46
Q15361,487,0.93
O15440,509,0.14
Q0ZGT2,156,-0.54
Q86YS7,295,-1.05
O95359,269,-1.52
O95359,758,-3.57
O95359,1313,-0.81
O95359,2072,0.83
O95359,2073,-0.3
O95359,2226,0.43
O95359,2256,-0.87
O95359,2314,0.83
O95359,2317,0.83
O95359,2359,0.41
O95359,2512,-6.84
O95359,2557,-3.08
O95758,457,-0.03
Q8WXA9,297,-4.57
Q8WXA9,300,-4.57
Q8NEN9,521,-4.52
Q2NKX8,14,-0.51
Q2NKX8,1082,2.7
Q2NKX8,1188,1.32
Q9NSY1,689,-1.2
Q9NSY1,1107,0.02
Q68CP9,689,-2.43
Q68CP9,692,-2.45
Q68CP9,1496,-1.24
Q86UU0,21,-0.18
Q86UU0,88,-0.98
Q86UU0,93,-0.63
Q86UU0,410,1.12
Q86UU0,750,-0.05
Q86UU0,813,-0.12
Q86UU0,915,-4.92
Q86UU0,934,0.4
Q86UU0,975,-0.04
O75533,125,0.07
O75533,129,-1.29
O75533,190,-1.78
O75533,194,0.2
O75533,211,-0.08
O75533,223,-0.21
O75533,227,-0.19
O75533,261,-1.98
O75533,273,-1.98
O75533,313,-0.07
O75533,432,-0.33
O75533,434,-2.97
O75533,488,-0.26
O75533,851,-1.05
Q9UGU0,419,-2.34
Q9UGU0,966,-0.3
Q9UGU0,1019,0.19
Q9UGU0,1053,1.09
Q9UGU0,1322,0.23
P35240,435,-0.66
Q8N1G0,900,-3.58
Q8N1G0,1057,0.02
Q8N1G0,1106,-0.22
Q13185,93,-0.72
Q13185,95,-0.5
O15523,592,-4.75
O00291,320,-2.61
Q8WV44,439,-1.65
Q8WV44,447,-1.65
O15061,1180,-0.26
P20340,3,1.06
Q9NP66,105,-0.79
Q9H582,1000,-2.11
Q7L2Z9,249,-4.42
Q9NUW8,61,-0.48
Q9BQ52,199,0.08
Q9BQ52,205,0.33
Q9HD15,60,-2.64
Q9HD15,69,-2.64
Q86XP1,56,1.48
Q9NQC3,11,0.78
Q9NQC3,12,1.82
Q9NQC3,13,2.15
Q9NQC3,15,1.82
Q8N3Z6,226,-4.31
Q5T2T1,409,0.26
O43463,402,0.55
Q68D10,278,-3.57
Q8TB72,136,-0.15
Q8TB72,182,-0.5
Q86UE4,111,-0.75
Q86UE4,298,1.66
Q86UE4,308,-2.24
Q86UE4,311,0.33
Q86UE4,426,0.65
Q86UE4,568,-0.13
Q9H3Q1,138,0.87
Q9H3Q1,174,0.45
Q9H3Q1,292,-0.37
Q9H3Q1,295,-0.37
Q6PID6,194,1.15
Q6PID6,197,0.74
Q13322,418,-4.34
Q16851,13,1.78
Q8WWM7,31,-1.94
Q8WWM7,111,0.75
Q8WWM7,241,1.17
Q8WWM7,306,0.29
Q8WWM7,335,0.34
Q8WWM7,339,0.25
Q8WWM7,390,-1.37
Q8WWM7,391,-0.06
Q8WWM7,409,0.42
Q8WWM7,424,0.15
Q8WWM7,449,0.51
Q8WWM7,496,0.83
Q8WWM7,557,-0.33
Q8WWM7,558,-0.33
Q8WWM7,559,-0.33
Q8WWM7,588,0.4
Q8WWM7,589,-0.34
Q8WWM7,594,-0.42
Q8WWM7,597,-0.34
Q8WWM7,683,0.72
Q8TDN6,254,-2.32
Q8TDN6,259,-2.51
Q8TDN6,261,-2.77
P05388,24,0.27
P05388,273,0.18
P05388,304,0.26
P05388,307,0.25
Q96JP5,296,-5.33
Q96JP5,367,-1.83
Q96JP5,395,-4.37
Q5W0H4,46,-3.25
Q5W0H4,53,-3.5
P68104,29,0.36
Q9Y388,186,0.31
Q9Y388,188,0.31
Q9H1A4,291,-1.44
Q9H1A4,355,-1.04
Q9H1A4,377,-2.98
Q9H1A4,686,-1.98
Q9H1A4,688,1.09
Q14684,245,-0.19
Q14684,513,-1.71
Q14684,706,0.39
Q14684,732,5.84
Q03135,37,-0.11
Q96MU7,118,0.29
Q96MU7,120,0.31
Q96MU7,122,0.29
Q96MU7,308,2.56
Q96MU7,416,-0.4
Q96MU7,417,-0.83
Q96MU7,419,-0.22
Q96MU7,424,-0.18
Q96MU7,545,-1.02
A0A5H1ZRP4,557,0.8
A0A5H1ZRP4,564,0.69
O43524,253,-1.94
Q99575,729,0.04
Q99575,730,0.14
P16403,2,0.88
P16403,31,-0.25
P16403,36,0.32
P16403,41,0.32
P16403,146,0.59
P16403,173,0.21
Q15276,407,-1.01
Q6PJG6,742,-7.04
Q9NXC5,766,0.69
Q9NXC5,768,0.69
Q14739,97,0.67
Q14739,99,0.67
Q5VYK3,824,1.07
Q5VYK3,830,1.01
P10809,67,-1.98
P10809,70,-0.25
Q9UHB6,132,-0.85
Q9UHB6,225,0.84
Q9UHB6,228,0.8
Q9UHB6,229,1.04
Q9UHB6,263,-2.36
Q9UHB6,266,-2.36
Q9UHB6,362,-1.37
Q9UHB6,365,-1.38
Q9UHB6,369,-1.26
Q9UHB6,373,-2.64
Q9UHB6,374,-1.81
Q9UHB6,490,0.04
Q9UHB6,604,-0.19
Q9UHB6,609,-2.1
Q9UHB6,617,-0.41
Q9UHB6,686,-4.14
Q9UHB6,692,-3.37
Q9UHB6,698,0.12
Q9NSK0,460,-0.16
Q9NSK0,590,0.05
O15164,811,0.41
Q14004,383,-0.12
Q14004,525,-0.09
Q14004,871,-0.05
Q9Y281,3,0.4
Q7Z6Z7,1084,0.26
Q7Z6Z7,1368,-0.37
Q7Z6Z7,1907,0.62
Q7Z6Z7,2362,-0.73
Q7Z6Z7,2365,-0.73
Q7Z6Z7,2534,1.27
Q7Z6Z7,2887,0.84
Q7Z6Z7,2888,1.05
Q7Z6Z7,2889,0.42
Q7Z6Z7,3127,-0.49
Q7Z6Z7,3373,-0.97
Q7Z6Z7,3752,1.28
Q7Z6Z7,3757,1.28
Q7Z6Z7,3919,1.55
Q13541,70,2.63
Q13541,82,2.63
Q13541,94,2.63
Q8WY22,248,-0.35
Q5BKZ1,118,0.42
Q5BKZ1,161,0.14
Q5BKZ1,162,2.02
Q5BKZ1,270,0.01
Q5BKZ1,272,0.01
Q5BKZ1,427,0.79
P13984,76,0.22
P13984,248,0.42
A0A0A0MRA5,94,-0.17
A0A0A0MRA5,412,1.09
A0A0A0MRA5,616,-0.57
Q5JRA6,1725,-7.88
Q5JRA6,1740,0.81
Q5JRA6,1744,0.81
Q765P7,441,-0.83
Q8NEF9,203,0.37
Q8NEF9,205,1.12
Q8NEF9,208,1.26
Q8NEF9,218,1.09
Q8NEF9,221,-4.77
Q8NC96,207,-0.23
Q8WUB8,12,1.71
Q8WUB8,270,1.15
Q8TEW0,849,-1.47
Q14789,17,-0.38
Q14789,138,-1.91
P15880,262,-0.28
P15880,264,-0.26
P15880,278,0.15
P15880,281,0.22
Q13625,486,-1.19
Q13625,704,0.47
Q13625,706,0.47
Q13426,328,0.17
P30041,44,-0.75
P30041,186,-0.12
Q8WWI1,116,-2.59
Q8WWI1,246,-0.55
Q8WWI1,276,0.74
Q8WWI1,342,-3.09
Q8WWI1,345,-3.09
P08651,192,0.56
P08651,194,0.54
Q6WCQ1,365,-2.26
Q96TC7,44,-0.43
Q96TC7,46,-0.43
Q96C36,304,-2.16
Q8IW35,308,-4.85
A0A0A0MRB1,153,7.64
P46779,115,-0.08
Q99959,44,0.51
Q99959,251,-1.63
Q99959,329,-2.29
O95155,803,-0.8
O95155,1265,0.34
P52756,621,0.03
P52756,624,0.03
Q14134,21,-1.44
Q14134,95,-1.21
Q14134,104,-2.3
P04150,267,-5.67
Q96GX5,370,-3.27
Q96GX5,519,-0.2
A0A075B6F9,36,1.11
O94782,313,-4.35
Q93009,18,0.71
P35613,246,0.13
B0QYS7,200,-0.96
B0QYS7,208,-0.96
B0QYS7,418,0.33
B0QYS7,420,1.41
Q8WXF1,409,-2.22
Q8WXF1,473,-0.81
Q8WXF1,477,-0.81
A0A0A0MRB7,379,0.04
A0A0A0MRB7,381,0.04
A0A0A0MRB7,528,0.46
Q9HDC5,216,-1.86
P06454,2,-2.13
P06454,8,-2.04
P06454,9,-1.94
P06454,10,-2.15
E7EPK1,333,-0.86
E7EPK1,425,-0.12
P50914,139,-2.05
Q96EZ8,282,-0.21
Q9BPX5,64,-1.46
Q9P0L0,198,-3.52
Q92688,244,0.35
Q6W2J9,422,-0.89
Q6W2J9,423,-0.89
Q6W2J9,1127,0.1
P05386,101,-0.07
P05386,104,-0.07
P61247,237,0.19
P61247,238,0.19
P61247,263,-0.41
Q9NR30,71,-0.31
Q9NR30,89,-1.14
Q9NR30,121,-0.17
Q13131,371,0.24
P56181,98,-1.42
Q9H4L7,79,0.74
O95782,655,0.76
Q99627,175,-1.36
H0Y2Y8,235,-3.43
H0Y2Y8,246,3.77
H0Y2Y8,249,4.68
H0Y2Y8,276,-1.46
H0Y2Y8,312,0.44
Q9Y2W1,55,-0.78
Q9Y2W1,119,-0.23
Q9Y2W1,230,-0.69
Q9Y2W1,232,-0.6
Q9Y2W1,234,-6.68
Q9Y2W1,240,-0.94
Q9Y2W1,243,-0.94
Q9Y2W1,248,-0.5
Q9Y2W1,253,-2.11
Q9Y2W1,320,1.85
Q9Y2W1,323,1.58
Q9Y2W1,377,-3.29
Q9Y2W1,379,0.09
Q9Y2W1,381,-0.92
Q9Y2W1,406,0.36
Q9Y2W1,408,0.36
Q9Y2W1,575,0.17
Q9Y2W1,584,0.14
Q9Y2W1,600,1.9
Q9Y2W1,622,-1.02
Q9Y2W1,624,-0.41
Q9Y2W1,672,-0.76
Q9Y2W1,682,-0.26
Q9Y2W1,684,-0.08
Q9Y2W1,685,-1.25
Q9Y2W1,698,-0.71
Q9Y2W1,874,-0.41
Q9Y2W1,928,-0.68
Q9Y2W1,939,-0.66
Q9Y2W1,941,-0.6
P31942,201,-0.87
P31942,255,-4.66
P31942,283,-0.74
Q7KZF4,103,-8.93
Q7KZF4,418,-2.61
Q7KZF4,426,0.59
P49189,11,-3.61
P61313,34,0.3
P61313,183,0.79
O43847,86,0.69
O43847,94,0.38
P54756,938,-2.71
P54132,28,-3.73
P54132,422,-2.34
P54132,1310,-3.3
P52948,591,1
P52948,595,1
P52948,606,1
P52948,608,1
P52948,636,-2.65
P52948,653,-3.74
P52948,662,-3.13
P52948,664,-3.56
P52948,666,-3.56
P52948,670,-2.87
P52948,822,-0.3
P52948,871,0.05
P52948,915,-0.84
P52948,1677,-0.91
A0MZ66,249,0.29
A0MZ66,494,-0.44
A0MZ66,496,0.12
A0MZ66,506,-0.49
A0MZ66,515,1.22
O14828,50,0.08
O14828,52,-0.09
Q9UHR5,88,-3.93
Q9UHR5,97,-0.44
Q9UBM7,14,0.39
Q9H6A9,370,-1.08
Q03468,158,-3.67
Q03468,1345,0.79
Q03468,1347,0.79
Q03468,1348,0.66
Q99729,242,0.24
Q99729,255,-0.32
P53367,24,-3.95
P53367,100,-3.54
Q4VB86,641,-2.29
Q4VB86,676,2.05
Q4VB86,679,4.18
P21359,2493,0.68
P21359,2494,0.68
P21359,2781,-2.83
P21359,2796,0.91
A0A384DVL6,54,-0.26
A0A384DVL6,939,1.19
A0A384DVL6,956,0.79
A0A384DVL6,1258,-0.95
A0A384DVL6,1348,0.16
A0A384DVL6,1602,-0.83
A0A384DVL6,1865,-0.22
A0A384DVL6,1868,-0.44
A0A384DVL6,2061,1.33
A0A384DVL6,2230,0.22
A0A384DVL6,2263,0.27
A0A384DVL6,2265,0.53
A0A384DVL6,2270,-0.23
A0A384DVL6,2400,-0.3
A0A384DVL6,2459,-1.29
P46060,436,-3.34
P46060,442,-3.39
Q13283,149,-0.1
Q13283,230,-0.08
Q13283,231,0.07
Q13283,232,0.07
Q13283,373,-0.08
Q9NVU7,580,0.3
Q9NVU7,585,0.3
O75448,849,0.12
O75448,850,0.85
O75448,860,0.57
Q14204,4368,1.13
Q14204,4369,1.13
O75381,232,1.12
O75381,234,0.54
P22626,73,0.06
P22626,200,-0.8
P22626,213,-0.19
P22626,247,-2.61
P22626,329,-0.46
P22626,332,-1.01
Q99570,813,-0.98
Q66K14,435,-4.61
P26599,138,-0.98
P26599,140,-1.25
P26599,141,-0.95
P26599,459,-7.19
P11717,2400,0.34
P11717,2409,0.27
Q6NZI2,167,0.5
Q6NZI2,302,-1.23
P50851,1261,-2.79
Q9Y6K0,18,-4.81
P23246,33,-0.17
P23246,225,-1.61
P23246,226,0.09
Q00536,110,0.26
Q00536,119,0.85
Q00536,153,1.27
Q5JSZ5,168,0.04
Q5JSZ5,224,0.4
Q5JSZ5,225,-0.32
Q5JSZ5,226,0.11
Q5JSZ5,388,0.71
Q5JSZ5,563,-0.02
Q5JSZ5,1231,0.58
Q9HD20,899,-2.21
P51858,103,2.48
P51858,132,-0.27
P51858,133,-0.65
P51858,165,0.13
P51858,200,-0.16
P51858,202,-0.14
P51858,239,-4.29
Q96P16,156,0.75
Q9BWW4,327,-1.42
Q9BWW4,340,-1.42
Q13033,229,0.31
P51114,597,-4.61
Q9Y4E6,935,-0.13
A0A0A0MRE5,1027,4.27
Q562F6,1144,-0.72
P16949,16,-1.68
P16949,25,-1.68
P16949,31,-0.21
P16949,38,-0.38
P16949,46,-0.31
P16949,63,-1.75
Q86XL3,662,1.22
Q86XL3,665,2.06
Q86XL3,778,-2.65
Q86XL3,896,-1.09
Q86XL3,914,6.31
Q9H0S4,9,0.08
Q9H0S4,11,0.08
P54727,155,0.58
P54727,159,0.58
P54727,160,0.58
P82970,31,-3.38
Q9C0C2,178,0.45
Q9C0C2,429,-0.14
Q9C0C2,435,-0.11
Q9C0C2,437,-0.11
Q9C0C2,601,-0.13
Q9C0C2,672,0.43
Q9C0C2,691,-0.58
Q9C0C2,714,-0.09
Q9C0C2,717,-0.09
Q9C0C2,833,1.29
Q9C0C2,836,1.18
Q9C0C2,851,0.21
Q9C0C2,872,0.13
Q9C0C2,875,0.18
Q9C0C2,893,0.15
Q9C0C2,919,-0.76
Q9C0C2,983,-2.395
Q9C0C2,987,-1.4
Q9C0C2,1008,1.81
Q9C0C2,1024,-0.76
Q9C0C2,1029,-0.15
Q9C0C2,1103,0.13
Q9C0C2,1138,-1.94
Q9C0C2,1141,-1.66
Q9C0C2,1178,2.075
Q9C0C2,1248,-3.14
Q9C0C2,1282,-0.9
Q9C0C2,1297,1.35
Q9C0C2,1383,1.74
Q9C0C2,1385,1.69
Q9C0C2,1533,0.14
Q9C0C2,1552,4.47
Q9C0C2,1620,0.41
Q9C0C2,1652,-0.76
Q9C0C2,1666,1.78
Q9C0C2,1715,0.28
C9IYN3,68,-1.34
Q15007,288,-0.99
Q15007,298,-0.24
Q15007,305,0.1
Q15007,306,-0.15
Q9BY89,366,-1.94
Q9BY89,384,-0.55
Q9BY89,508,-0.52
Q9BY89,749,-0.33
Q9BY89,774,-1.84
Q9BY89,969,-1.39
Q9BY89,981,0.99
Q9BY89,1224,-0.81
Q9BY89,1226,-0.32
Q9BY89,1366,0.18
Q9BY89,1441,-1.33
Q9BY89,1488,-0.78
Q9UPN9,862,-1.18
Q9UPN9,1119,0.8
Q9NRL2,1251,-3.02
Q9NRL2,1370,-3.28
Q9NRL2,1381,-4.82
P53814,277,0.37
P53814,304,-0.3
P53814,514,-0.87
Q76FK4,297,-0.12
Q76FK4,967,0.46
Q76FK4,1031,-0.67
Q9NX74,445,-1.05
Q9NX74,484,0.96
Q9NX74,488,0.96
Q6P2E9,486,-1.77
Q6P2E9,693,-6.6
Q6P2E9,723,-0.14
Q6P2E9,725,-0.14
Q6P2E9,727,-0.01
Q6P2E9,729,-0.22
Q6P2E9,871,-2.13
Q6P2E9,875,-2.13
Q6P2E9,887,-2.13
Q14980,169,-1.35
Q14980,1225,-0.09
Q14980,1743,-0.61
Q14980,1755,-2.85
Q14980,1774,-3.18
Q14980,1775,-2.54
Q14980,1778,-3.18
Q14980,1816,0.17
Q14980,1848,-0.95
Q14980,1955,-2.33
Q14980,1977,-4.01
Q14980,1986,-2.39
Q14980,1989,0.31
Q14432,475,-11.22
O75151,655,-2.59
O75151,1059,0.43
P12956,550,-1.55
Q9H4M9,456,-0.81
O95297,204,-1.38
O95297,206,-1.38
O95297,208,-1.54
O95297,210,-1.79
O95297,219,-0.81
O95297,221,-0.81
O95297,241,-0.68
O95297,263,0.12
P26358,410,-1.4
P26358,414,-1.34
Q8WUA4,132,-1.3
Q8WUA4,165,-0.58
Q8WUA4,167,-0.58
Q8WUA4,220,1.51
Q8WUA4,222,0.82
Q8WUA4,892,-1.36
Q8WUA4,893,-1.36
Q8WUA4,895,-1.36
Q8WUA4,901,-1.36
Q9NZ09,146,0.55
O95613,2477,-0.68
Q9ULF5,546,1.25
P50570,757,-0.02
P49674,362,0.85
P49674,363,0.62
Q9NR12,217,0.28
Q9BTE3,154,-3.39
Q9BTE3,298,0.44
Q9BTE3,302,0.3
Q8IVF2,294,0.77
Q8IVF2,593,0.92
Q8IVF2,595,0.51
Q8IVF2,842,-0.24
Q8IVF2,1112,0.85
Q8IVF2,3408,0.98
Q8IVF2,4477,-0.25
Q8IVF2,5707,-1.07
Q8IVF2,5709,-1.07
H7BY37,1828,-4.19
Q9UEY8,42,-0.35
Q9UEY8,647,-1.45
Q9UEY8,649,-1.45
Q9UEY8,661,1.12
P27816,97,-3.64
P27816,99,-3.64
Q8N556,546,0.86
Q8N556,548,0.86
Q92625,661,-0.42
Q92625,663,-0.42
P35580,214,-0.87
P35580,1966,-1.95
P35580,1968,-1.45
P35580,1987,-0.31
P35580,1991,-1.19
Q9NS56,12,-0.28
Q9NS56,98,-0.19
Q9NS56,585,-0.3
Q9H7N4,234,-0.3
Q9H7N4,239,-0.83
Q9H7N4,874,-0.2
Q9H7N4,965,0.73
Q9H7N4,975,-0.14
Q9H7N4,976,-0.14
P31350,80,-0.13
O75717,333,0.22
O75717,383,0.27
O75717,387,-0.49
Q6ZRI6,397,-0.98
Q9UQR1,305,-1.88
Q9UQR1,306,-1.88
Q9UQR1,665,0.02
Q5T6F2,473,-2.53
Q5T6F2,633,-2.66
Q9BZE4,578,-0.08
Q6P3W7,677,-0.42
P55884,154,0.11
P55884,239,-1.14
P55884,738,-5.08
Q6ZN18,174,-2.53
Q06210,243,1.54
Q06210,244,0.61
Q06210,245,1
Q9UPW0,187,-1.12
Q9UPW0,189,-1.83
Q86VI3,1424,1.58
Q13439,71,-2.56
Q13439,78,-3.99
P11387,2,-0.66
P11387,10,-0.21
P11387,111,0.45
P11387,112,0.7
P42345,567,-2.77
P42345,1162,0.71
P42345,1166,0.71
Q9UPN3,1860,0.88
Q9UPN3,2454,0.38
Q9UPN3,5011,1.84
Q86X29,643,-1.25
Q6P0Q8,74,1.43
Q6P0Q8,209,0.54
P32004,1172,1.17
Q9UQE7,1067,-2.24
Q9UQE7,1081,2.98
Q9UQE7,1083,4.34
Q96JM3,87,-1.3
Q96JM3,103,0.12
Q96JM3,108,-2.18
Q96JM3,204,0.53
Q96JM3,214,0.53
Q96JM3,282,0.44
Q96JM3,297,0.5
Q96JM3,355,-0.86
Q96JM3,405,-0.39
Q96JM3,416,-0.82
Q96JM3,427,0.72
Q96JM3,436,0.29
Q96JM3,443,-1.59
Q96JM3,445,-0.76
Q96JM3,452,-0.91
Q96JM3,458,-1.44
Q96JM3,459,-0.75
Q96JM3,462,-1.74
Q96JM3,476,-0.05
Q96JM3,505,0.14
Q96JM3,507,-0.21
Q96JM3,542,0.22
Q96JM3,603,0.36
Q96JM3,626,0.23
Q96JM3,627,0.99
Q96JM3,675,-1.73
Q96JM3,736,-0.07
P30050,38,-0.24
O60502,364,0.45
Q7Z4S6,1226,0.18
P47755,9,0.26
Q5VUA4,1243,0.53
Q5VUA4,1420,0.56
Q5VUA4,1856,-2
Q5VUA4,1896,0.44
Q5VUA4,2091,-0.34
Q5VUA4,2101,0.82
Q5VUA4,2243,0.31
Q6PD62,925,-0.15
Q6PD62,970,0.16
Q6P4F7,318,1.66
Q6P4F7,675,0.58
O75052,266,0.65
O60245,989,0.2
Q8IYL3,148,-3.48
Q99549,51,-0.12
Q99549,392,0.44
Q99549,454,0.75
Q7L8J4,358,0.64
Q7L8J4,362,0.58
Q5SW79,312,0.41
Q5SW79,740,-7.16
Q5SW79,742,-2.5
Q5SW79,1014,0.8
Q5SW79,1016,-1.78
Q4LE39,133,-2.17
Q4LE39,675,-4.765
Q4LE39,778,-1.01
Q7Z5L9,175,0.3
Q7Z5L9,360,0.95
Q7Z5L9,404,1.26
Q7Z5L9,406,1.26
Q7Z5L9,455,-0.57
Q7Z5L9,457,-0.76
Q7Z5L9,460,-0.82
Q5TCX8,528,0.08
Q99598,32,-0.71
Q99598,33,-0.71
P20338,24,-0.77
Q16695,29,-2.68
Q9H3P7,43,-0.3
Q8N8S7,489,-0.93
P07814,845,-1.5
P07814,880,-0.01
P07814,883,-0.01
P07814,885,-0.01
P07814,886,-1.03
P07814,888,-0.01
P07814,891,0.16
Q9Y3B9,104,-1.27
Q9NW75,115,-0.4
P49454,154,-3.11
P49454,274,-1.95
P49454,275,-1.49
P49454,276,-1.94
P49454,773,-0.24
P49454,834,-7.74
P49454,876,-1.69
P49454,1248,-4.46
P49454,1255,-4.46
P49454,1651,-0.03
P49454,1652,-0.03
P49454,1654,-1.88
P49454,1868,-0.41
P49454,1892,-4.48
P49454,2922,-3.34
P49454,2998,-3.04
P49454,3023,-4.42
P49454,3054,-2.77
P49454,3079,-0.87
Q96IY1,4,-0.09
Q9NZJ0,196,-0.22
Q9NZJ0,416,-3.21
Q9NZJ0,428,0.01
Q9NZJ0,478,-0.83
Q9Y6M5,505,0.37
Q9Y6M5,506,0.18
O60825,466,-2.1
O60825,468,-1.85
O60825,483,-1.62
O60825,493,0.06
Q9H1E3,14,-0.82
Q9H1E3,19,-0.82
Q9H1E3,54,-0.17
Q9H1E3,58,-1.23
Q9H1E3,61,-0.12
Q9H1E3,75,-0.2
Q9H1E3,79,-0.42
Q9H1E3,113,-0.34
Q9H1E3,144,-0.12
Q9H1E3,179,0.77
Q9H1E3,181,0.77
Q9H1E3,214,0.1
Q9H1E3,223,-0.33
Q9H1E3,229,-0.09
Q9H1E3,234,-0.09
Q9UPN6,681,0.74
Q9UPN6,683,0.56
O75152,108,-3.68
O75152,132,0.65
O75152,758,0.73
A6NKB8,3,-0.64
A6NKB8,7,-0.64
Q6P1J9,212,0.59
P10155,19,3.21
P47712,268,-0.77
P47712,431,0.34
P47712,435,0.34
P47712,437,0.385
P12270,379,-2.41
P12270,641,-2.39
P12270,646,-8.57
P12270,652,-8.57
P12270,653,-9.19
P12270,1185,-2.81
P12270,1676,-3.03
P12270,1691,-2.05
P12270,1692,-2.05
P12270,2048,-1.84
P12270,2073,-1.31
P12270,2155,-0.29
Q5T5C0,723,-1.81
Q5T5C0,726,-1.81
Q9Y6Y0,336,-3.11
Q9Y6Y0,338,-3.11
Q9BZQ8,582,0.05
Q9BZQ8,602,0.4
Q9BZQ8,646,-0.88
P46939,10,-0.51
P46939,3297,-4.46
Q08211,87,-1.97
Q9BR61,106,-0.56
Q9BR61,108,-4.92
Q8NFQ8,118,-1.18
Q8NFQ8,120,-1.15
Q8NFQ8,122,-1.59
E7EPN9,781,0.44
E7EPN9,784,-1.22
E7EPN9,803,0.76
E7EPN9,823,-0.13
E7EPN9,824,0.64
E7EPN9,880,-0.48
E7EPN9,889,-0.39
E7EPN9,895,-0.39
E7EPN9,926,0.33
E7EPN9,1967,-1.22
E7EPN9,1971,-1
E7EPN9,2015,-0.55
E7EPN9,2107,-0.28
E7EPN9,2262,1.33
E7EPN9,2675,0.15
Q9H2G9,15,-0.3
Q9Y450,65,0.89
Q9BZX2,254,1.36
Q9Y624,284,-0.26
P40855,146,-1.2
P40855,147,-1.3
P40855,149,-0.64
Q5TAQ9,99,0.31
Q15121,82,-0.64
Q15121,125,0.81
Q15121,137,-0.12
P37802,184,0.28
O43491,58,0.79
O43491,87,0.12
O43491,89,-0.06
O43491,614,0.32
O43491,682,-0.69
O43491,683,-0.69
O43491,715,-0.22
O43491,718,-0.22
O15085,291,0.56
O15085,294,1.62
P48681,338,1.9
P48681,352,-4.1
P48681,680,0.21
P48681,768,-0.57
P02545,12,-1.42
P02545,22,-1.79
P02545,24,-1.37
P02545,568,-2.99
Q9H869,796,-1.19
P29353,317,0.46
Q9BRQ0,48,-1.09
Q9BRQ0,97,-0.35
Q96AQ6,14,-0.8
Q96AQ6,16,0.87
P51153,178,-0.66
Q53ET0,624,-3.23
Q8WXI9,120,1.33
Q8WXI9,129,-0.61
Q8WXI9,134,-2.24
Q8WXI9,135,-0.61
Q8WXI9,486,-0.42
Q8WXI9,488,-0.89
P06241,21,0.34
P06241,417,1.11
O95295,14,-4.9
O95295,133,-0.06
Q9Y3Y2,33,-0.46
P06702,113,6.82
O60508,43,0.08
O60508,49,0.08
Q5T5X7,54,-1.68
Q5T5X7,55,-1.65
Q5T5X7,164,-1.2
Q9Y6Y8,134,-0.52
Q9Y6Y8,926,-0.74
O95817,7,-0.53
O95817,194,-0.21
O95817,195,-0.37
O95817,264,0.34
O95817,274,0.35
O95817,289,0.78
O95817,291,0.78
Q01085,122,-0.51
Q14152,584,0.74
Q14152,882,0.65
Q14152,884,0.66
O94874,458,0.79
O94874,465,0.79
O43318,439,0.66
Q99590,335,-2.66
Q99590,587,-7.16
Q99590,588,-10.17
Q99590,608,0.53
Q99590,614,0.53
Q99590,687,-0.59
Q99590,774,-0.75
Q99590,776,-0.45
Q99590,796,-0.38
Q99590,802,-0.38
Q99590,902,-0.23
Q99590,963,0.13
Q99590,1127,-1.31
Q99590,1169,0.22
Q99590,1170,0.86
Q9NU22,4752,-0.05
A0A2C9F2M7,326,-0.14
Q9UNY4,396,-3.5
Q9UNY4,460,-2.18
Q9UNY4,883,-1.84
Q00013,110,-1.56
Q00013,243,-3.89
O60832,21,-0.64
O60832,485,0.85
O60832,494,0.98
O60832,496,0.85
O60832,497,0.17
O60832,513,-0.11
O75940,201,-0.27
P53985,461,-1.11
P53985,466,-0.57
P53985,467,-0.25
P53985,483,-1.3
Q9HCE1,254,-2.04
Q9HCE1,969,0.11
Q9HCE1,971,-0.17
P11441,90,-2.56
Q9UHI6,500,-1.02
Q9UHI6,502,-1.02
Q9UHI6,672,-0.81
Q9UHI6,677,0.46
Q9UHI6,678,0.2
Q9UHI6,703,-0.61
Q9UHI6,705,-0.99
Q9UHI6,714,-0.68
P78417,129,-2.86
Q9H2G2,183,0.71
Q9H2G2,189,0.71
Q9H2G2,195,0.71
Q9H2G2,777,0.21
Q9H2G2,779,0.77
Q9H2G2,785,0.69
Q5TCZ1,421,-1.61
Q5TCZ1,644,2.88
P33981,33,0.06
P33981,281,-0.12
P33981,393,-5.45
P33981,433,0.56
P33981,436,0.02
P33981,821,-1.99
H0Y360,139,1.15
P21333,1081,-1.57
P21333,1084,-1.34
P21333,1459,-0.29
P21333,2152,0.75
P21333,2158,0.74
P21333,2163,0.74
P21333,2327,-0.68
Q6PGN9,70,-4.55
Q6PGN9,98,2.84
Q6PGN9,122,-3.24
Q9H467,110,0.08
Q96S66,388,-0.27
A0A0A0MRM8,405,-0.02
Q92538,1298,0.58
Q92538,1300,0.58
Q92538,1316,0.35
Q92538,1318,0.26
Q92538,1320,-0.58
Q5VTL8,5,-6.39
Q5VTL8,40,-6.39
Q5VTL8,266,-0.57
Q5VTL8,268,-0.22
Q5VTL8,320,1.2
Q5VTL8,491,0.3
Q5VTL8,493,0.43
O75607,13,2.48
O75607,16,1.13
Q9NUP7,7,0.31
Q01658,105,-0.43
P41208,20,-1.34
P41208,26,-1.47
P46777,286,-4.39
Q9BYJ9,346,-2.5
Q9BYJ9,348,-3.04
Q9BYJ9,350,-2.72
Q8IYB5,152,-0.67
Q9NV56,191,-0.69
Q9NV56,194,-0.36
Q9NV56,195,-0.78
Q16513,306,-0.13
Q16513,360,-2.09
Q16513,527,-1.59
Q16513,535,-4.09
Q16513,582,0.27
Q16513,583,-0.33
P38159,58,-0.37
P38159,88,0.67
P38159,91,0.66
P38159,189,-1.76
P38159,208,-0.55
P38159,215,-0.89
P38159,216,-0.12
P38159,251,0.67
P38159,277,0.21
P38159,280,-5.46
P38159,326,0.22
P38159,329,0.22
P38159,352,0.3
Q9BTU6,47,0.2
Q9BTU6,51,0.2
Q8IWC1,165,-0.3
P22694,198,0.11
Q9UDY4,148,-9.69
E9PEB5,153,1.27
Q7Z309,25,-1.32
Q7Z309,58,-0.01
Q5JRC6,156,-2.61
Q8IYH5,113,-0.91
Q8IWS0,155,0.45
O14818,11,-1.29
Q9Y3B2,21,-0.27
Q05519,207,-0.62
Q05519,209,-0.55
Q05519,325,-2.67
Q05519,360,0.23
Q05519,414,0.65
Q05519,434,0.21
Q05519,447,0.3
Q05519,449,0.3
Q05519,464,-0.35
Q9H9A6,71,-1.27
P18669,14,0.13
P18669,31,-0.26
P18669,118,0.22
P18669,119,-0.22
Q8ND82,80,-0.04
P36871,115,0.43
P36871,117,0.52
Q8N3U4,1061,-0.04
Q8N3U4,1064,-0.05
Q8NI35,335,-1.63
Q8NI35,522,-2.06
Q8NI35,645,-0.68
Q8NI35,1212,-0.13
Q9UJC3,235,-2.01
P05412,63,2.13
O00151,90,-0.7
O00151,118,0.6
O00151,130,0.03
Q8WTT2,227,-0.02
O15541,6,-0.01
O75362,593,0.21
Q99459,303,0.16
Q99459,377,0.16
Q99459,385,3.16
Q99459,396,-2.07
Q53EZ4,428,-1.34
Q53EZ4,430,1.77
Q53EZ4,436,1.77
H0Y368,9,0.62
Q9H2P0,98,-2.82
Q9H2P0,709,-1.23
Q9H2P0,805,-5.49
Q9H2P0,955,-0.5
Q96EK9,200,-1.54
Q9BUH6,148,0.09
Q9BUH6,152,0.48
P18031,352,1.27
O60869,53,-0.61
O60869,74,-3.83
P42566,323,0.56
P42566,324,0.56
P42566,485,-1.32
P42566,790,-1.78
P42566,796,-1.78
P42566,814,0.31
Q9BSL1,98,1.07
Q96GQ7,79,-1.15
B1ANM7,270,-0.16
B1ANM7,320,-0.28
O14879,203,-3.85
O14879,237,-3.39
Q5JSH3,50,0.25
Q5JSH3,96,-0.17
Q5JSH3,161,-1.19
Q5JSH3,162,-1.19
Q5JSH3,219,-0.3
Q5JSH3,262,0.46
Q5JSH3,342,0.41
Q5JSH3,349,0.41
Q5JSH3,403,0.58
Q5JSH3,561,-0.96
Q9Y6D5,227,-1.69
Q9Y6D5,276,0.59
Q9Y6D5,277,0.59
Q9Y6D5,700,-0.28
Q15527,190,0.16
Q9Y6Q9,867,7.89
O75683,74,-3.62
O75683,138,-0.59
O75683,229,-5.23
Q96GM8,5,0.27
Q96GM8,428,-3.29
Q9UKN8,611,-0.46
Q99661,22,-4.14
Q13868,124,2.19
P00966,219,0.5
Q9NZ63,253,0.01
Q9NZ63,261,0.08
P67809,162,0.33
P67809,165,0.38
P67809,167,-2.46
P67809,174,-0.03
P67809,176,-0.04
Q5SRE5,1708,2.48
Q5SRE5,1709,2.48
Q15170,28,-0.76
A0A0C4DFV9,39,0.07
Q8WU79,189,-0.18
Q8WU79,191,-1.92
Q13813,982,-0.91
Q13813,1190,-0.67
Q13813,1217,-0.75
Q13813,1413,-2.28
P18206,288,0.47
P18206,290,0.1
P18206,721,0.75
P18206,822,0.46
Q01518,307,-1.3
Q01518,308,-1.43
Q01518,310,-1.39
Q15785,186,-1.44
Q9H3H1,417,-0.32
Q8WXX5,109,0.4
Q9ULV3,326,-0.41
P33240,524,0.28
Q9HB90,86,0.78
Q9HB90,95,0.39
Q9HB90,96,0.39
Q86U90,37,0.25
Q86U90,60,-0.05
Q8IVH2,86,-1.63
P82914,133,-1.34
Q3KQU3,70,-1.62
Q3KQU3,240,-2.1
Q3KQU3,241,-2.25
Q3KQU3,414,-2.66
Q3KQU3,420,-1.77
Q3KQU3,425,-1.11
Q3KQU3,428,-1.57
Q3KQU3,780,-2.12
O95470,564,-3.84
Q9NR31,139,-0.55
Q6RI45,703,0.81
Q6RI45,1569,0.36
Q96TA1,641,1.68
Q96TA1,646,1.68
Q96TA1,665,0.89
Q96TA1,692,1.675
P00558,196,-0.44
P00558,203,0.19
Q6UWE0,577,-0.27
Q9NQG5,132,0.31
Q9NQG5,134,0.31
Q9NQG5,164,0.85
Q9NQG5,166,0.82
P49006,22,-2.18
P49006,85,0.98
P49006,93,1.14
P49006,101,0.05
P49006,104,0.05
Q13547,393,-0.2
Q6Y7W6,20,1.48
Q6Y7W6,25,1.48
Q6Y7W6,26,1.48
Q6Y7W6,30,1.48
Q6Y7W6,189,-1.91
Q6Y7W6,236,0.47
Q6Y7W6,242,-0.13
Q6Y7W6,373,-0.12
Q6Y7W6,376,-0.12
Q6Y7W6,382,-0.12
Q6Y7W6,593,-0.07
Q9BQ39,74,-0.79
Q9BQ39,82,-0.79
Q9BQ39,86,-5.16
P40222,18,-0.94
P40222,514,0.71
P40222,515,0.84
P84103,5,-0.82
P84103,108,-0.38
Q5T1Z8,245,0.3
Q5T1Z8,745,-0.79
Q08170,78,-1.97
Q9Y5A9,39,-0.45
Q9Y5A9,359,0.06
Q16514,43,-1.9
Q16514,51,-1.9
P18754,11,-0.05
Q8IZ21,427,-0.88
Q8IZ21,464,0.51
Q8IZ21,628,2.08
Q8IZ21,632,2.08
Q15233,428,-1.4
Q15233,440,-2.24
Q15233,450,-2.24
A6NHB5,51,-0.61
A6NHB5,466,-1.43
Q9H6K1,149,-0.03
Q9H6K1,206,-6.57
Q8NHZ8,42,1.02
O00488,133,-3.81
O00488,134,-3.81
Q14573,2670,-0.21
Q9Y4E1,539,0.68
A9Z1X7,220,-0.25
A9Z1X7,227,1.03
A9Z1X7,234,-0.99
A9Z1X7,240,-0.98
A9Z1X7,260,-0.13
A9Z1X7,388,-0.45
A9Z1X7,406,-0.08
A9Z1X7,409,-0.4
A9Z1X7,411,0.01
A9Z1X7,426,-0.52
A9Z1X7,445,0.45
A9Z1X7,447,0.41
A9Z1X7,458,0.07
A9Z1X7,460,-0.84
A9Z1X7,547,-0.2
A9Z1X7,583,-0.15
A9Z1X7,605,-0.15
A9Z1X7,606,-0.15
A9Z1X7,614,-0.1
A9Z1X7,625,-0.05
A9Z1X7,647,-0.65
A9Z1X7,662,-0.78
A9Z1X7,664,-0.78
A9Z1X7,684,-0.03
A9Z1X7,702,-0.49
A9Z1X7,703,-0.09
A9Z1X7,704,0.56
A9Z1X7,705,-0.05
A9Z1X7,722,-0.59
A9Z1X7,727,-0.59
A9Z1X7,747,-0.14
A9Z1X7,752,-0.52
A9Z1X7,765,-0.69
A9Z1X7,778,-0.09
A9Z1X7,784,0.32
A9Z1X7,881,0.25
A9Z1X7,883,0.25
O95239,1181,-2.12
O95239,1225,1.09
P56537,235,-0.82
P56537,239,0.91
P56537,243,-1.46
Q14692,708,-3.03
Q9BW19,6,-2.13
Q9BW19,31,-1.2
O95163,867,-1.48
O43474,254,-1.04
Q9NVV0,262,-6.26
Q5VWU8,143,1.27
Q5VWU8,728,-4.59
Q5VWU8,840,-0.24
Q9Y4W2,464,-1.09
Q9Y4W2,558,-0.21
P20042,2,-1.63
P20042,67,-0.51
P20042,105,-0.31
P20042,111,0.58
Q9UNF1,2,-0.09
Q9UNF1,247,-2.06
P98174,48,-1.63
P98174,116,0.48
Q09161,7,0.79
Q09161,21,0.93
Q09161,22,0.93
Q09161,674,1.36
P16104,121,0.28
P16104,122,0.28
P16104,140,1.11
P21731,329,-0.01
Q14186,23,-2.06
P41229,1318,0.02
O95425,50,-0.36
O95425,221,0.07
O95425,238,-4.44
O95425,245,-2.02
O95425,263,-3.05
O95425,313,0.2
O95425,494,-0.43
O95425,542,-0.99
O95425,694,-1.32
O95425,896,-0.09
Q9H568,52,-1.82
P18615,56,-1.75
P18615,58,-1.75
P18615,122,0.45
P18615,288,-0.4
P18615,360,-0.34
Q13619,10,-0.81
Q8TD16,582,0.62
P41252,1047,-0.76
P41252,1049,-1.56
Q01974,447,-3.64
Q01974,449,-3.64
Q96T58,725,-0.29
Q96T58,1194,0.39
Q96T58,1268,1.35
Q96T58,1278,-0.99
Q96T58,1287,-0.49
Q96T58,1380,-1.12
Q96T58,1897,-2.02
Q96T58,2101,-0.46
Q96T58,2120,-0.22
Q96T58,2124,-0.22
Q96T58,2421,-5.5
Q96T58,2481,0.66
Q96T58,2493,6.53
Q9Y4H2,306,0.2
Q9Y4H2,350,0.43
Q9Y4H2,391,0.3
Q9Y4H2,560,-0.05
Q9Y4H2,577,0.18
Q9Y4H2,594,0.86
Q9Y4H2,619,0.21
Q9Y4H2,915,0.22
Q9Y4H2,973,1.15
Q9Y4H2,1100,0.27
Q9Y4H2,1149,1.99
Q9Y4H2,1162,0.81
Q5VYS8,939,-1.27
Q96C19,74,-0.47
Q96C19,76,-0.38
P61978,116,0.52
P61978,216,-0.83
P61978,280,-0.2
P61978,284,-0.13
P61978,379,-1.91
Q6ZWJ1,10,-2.92
Q5VSY0,27,3.26
Q4V328,576,-0.05
Q53LP3,513,1.56
P35226,251,0.7
P35226,253,0.7
P35226,255,0.7
Q02086,78,0.02
P62136,320,0.27
P98179,146,-3.75
P98179,147,-2.79
Q8IXQ3,67,0.57
Q8IXQ3,69,0.75
Q8IXQ3,76,1.17
Q5QPB1,100,-1.55
O00273,310,-0.92
O00273,312,-0.71
O00273,315,-0.63
Q8NE01,613,1.13
Q9H0D6,439,-4.18
Q9H0D6,445,-4.41
Q9H0D6,448,-1.03
P22314,13,0.47
P22314,810,0.94
P22314,835,-0.12
Q9Y2Z0,284,-2.27
Q9Y2Z0,331,-0.1
Q09666,18,0.38
Q09666,38,-4.22
Q09666,41,-0.87
Q09666,93,0.72
Q09666,101,0.73
Q09666,135,0.33
Q09666,177,1.21
Q09666,204,0.03
Q09666,210,1.22
Q09666,212,-0.37
Q09666,216,0.04
Q09666,218,-0.64
Q09666,220,0.32
Q09666,490,-1.09
Q09666,508,1.17
Q09666,511,0.04
Q09666,570,0.05
Q09666,1068,-0.33
Q09666,1192,0.27
Q09666,2397,-0.26
Q09666,2845,-0.2
Q09666,3054,-1.28
Q09666,3112,-0.02
Q09666,3409,0.43
Q09666,3411,0.6
Q09666,3412,0.43
Q09666,3426,0.18
Q09666,4100,0.95
Q09666,4220,-0.08
Q09666,4516,-0.6
Q09666,4522,-0.5
Q09666,4684,-2.25
Q09666,4960,-2.05
Q09666,4986,-1.97
Q09666,4993,-1.69
Q09666,5031,-2.26
Q09666,5077,0.3
Q09666,5099,-0.75
Q09666,5110,0.73
Q09666,5125,0.77
Q09666,5332,0.46
Q09666,5386,0.26
Q09666,5393,-0.53
Q09666,5397,-0.53
Q09666,5400,-0.53
Q09666,5448,0.34
Q09666,5552,-1.66
Q09666,5555,-1.51
Q09666,5620,1.07
Q09666,5729,-1.05
Q09666,5731,-1.04
Q09666,5735,2.13
Q09666,5737,-2.18
Q09666,5739,-1.05
Q09666,5749,-1.87
Q09666,5752,2.51
Q09666,5762,2.51
Q09666,5763,2.51
Q09666,5780,1.76
Q09666,5782,1.76
Q09666,5790,-0.17
Q09666,5794,-0.17
Q09666,5796,-0.17
Q09666,5798,-0.17
Q09666,5824,0.06
Q09666,5830,0.06
Q09666,5839,0.32
Q09666,5841,0.3
Q09666,5845,1.16
Q09666,5851,2.2
Q09666,5857,-0.68
Q07065,17,1.06
Q07065,19,1.06
Q6P1X5,1185,3.16
P78345,235,-1.5
Q8N1G4,431,-0.94
Q5BKX5,316,0.12
Q5VV41,6,2.26
Q5VV41,41,-2.34
Q5VV41,185,1.62
Q12769,1147,-0.19
Q12769,1151,-0.83
Q12769,1157,-0.19
F8W8M9,367,-0.07
Q92466,24,-0.45
Q92466,26,-0.45
Q7L590,556,-0.3
Q92878,496,2.05
Q92878,551,2.92
Q8N5C8,60,-0.27
A6NFX8,7,2.92
A6NFX8,9,2.92
A6NFX8,10,2.92
A6NMQ1,180,-2.03
A6NMQ1,192,-3
X6RAB3,642,0.82
X6RAB3,714,1.45
X6RAB3,716,0.76
Q99543,47,-0.31
Q99543,49,-0.31
Q96A57,23,-2.06
Q96A57,24,-1.73
Q96A57,25,-1.87
P15822,1735,3.97
Q12778,287,-0.05
P51812,715,0.27
A0A6E1XE14,224,1.48
A0A6E1XE14,225,1.48
A0A6E1XE14,227,1.84
P15408,192,0.31
P15408,222,-1.42
P15408,225,-2.67
Q06265,305,0.21
Q06265,306,0.06
O43324,8,-7.59
P15291,74,-0.04
P07199,150,-0.03
P07199,156,-0.03
P31689,83,-0.23
P31689,175,0.91
P31689,188,1.44
P31689,335,-0.38
P31689,340,-0.82
O75182,122,-1.88
P08559,269,-0.19
P08559,270,-0.14
P08559,327,0.16
P08559,331,0.17
P08559,333,0.26
P08559,338,0.16
Q9BRS2,21,-0.76
Q9BRS2,22,-0.76
Q9UHY1,12,-1.95
F8W6G1,2,-0.47
Q92766,36,0.63
Q92766,161,0.6
Q92766,231,-2.32
Q92766,1167,-1.9
Q92766,1315,-4.69
Q92766,1320,-4.69
Q92766,1653,0.57
O76039,407,-2.28
Q16576,13,-0.26
Q9H8G2,89,-0.94
Q9H8G2,90,-0.94
Q9H8G2,203,0.18
Q9H8G2,311,0.12
Q9H8G2,312,-1.36
Q9NUQ3,97,-4.01
Q5SX90,65,-0.45
Q96A49,248,-0.03
Q96A49,313,0.05
Q12873,771,-0.87
Q12873,772,-0.87
Q12873,1660,-2.92
P62753,235,-2.16
P62753,236,-2.16
P62753,240,-2.22
P62753,241,-2.06
P62753,242,-2.13
Q6UWZ7,406,0.88
Q6UWZ7,408,-1.1
Q7Z4H7,507,4.05
Q7Z4H7,584,0.49
Q9NWH9,289,0.125
Q9NWH9,417,0.29
Q9NWH9,421,-0.21
Q9NWH9,551,-1.14
Q9NWH9,553,-0.23
Q9NWH9,583,1.36
Q9NWH9,590,-1.91
Q9NWH9,748,0.1
Q9NWH9,909,0.27
Q9NWH9,995,-0.55
Q9NWH9,998,-0.55
Q9NWH9,1002,-0.54
Q9NWH9,1014,0.1
Q9NWH9,1019,-1.32
P49589,79,-1.51
P49589,117,-0.33
Q9P1Z0,391,-4.11
Q9P1Z0,795,-2.5
O75475,106,0.35
O75475,122,1.01
O75475,522,0.02
O75475,527,0.69
A6NEL0,102,0.82
A6NEL0,105,0.82
P05114,8,-3.03
Q96S55,65,-0.01
Q96S55,75,0.85
Q96S55,77,-0.93
Q96S55,151,0.08
Q96S55,153,0.08
Q01813,386,0.6
O00567,511,-3.13
O00567,519,-1.57
O00567,520,-1.97
O00567,525,-3.67
O00567,556,-0.13
O43166,1234,-3.15
O43166,1249,-1.15
O43166,1412,-0.37
O43166,1528,0.09
O43166,1530,0.09
Q9HBH5,5,-0.56
P40189,667,0.63
P40189,710,2.57
O95671,223,1.05
Q9BQG0,11,-0.47
Q9BQG0,775,-2.74
Q9BQG0,1163,-3.27
Q9BQG0,1166,-3.17
Q9BQG0,1267,-0.44
Q9BQG0,1269,-0.48
Q9BQG0,1290,5.18
Q9BQG0,1293,2.26
Q9BQG0,1303,1.1
Q9BQG0,1308,1.1
Q9BQG0,1310,0.41
Q9NTI2,23,-0.49
Q9NTI2,24,-0.81
P18583,142,-2.44
P18583,152,-2.44
P18583,154,-3.37
P18583,283,-0.67
P18583,1555,-0.41
P18583,1556,-0.95
P18583,1697,-0.4
P18583,1769,-0.01
Q9BVL2,319,-0.63
Q9Y217,561,0.88
Q96G03,163,0.17
Q96G03,165,0.11
Q9UKK3,101,-2.34
Q9UKK3,1335,-0.53
Q12888,299,-2.97
Q12888,384,1.47
Q12888,385,1.01
Q12888,387,1.47
Q12888,403,0.27
Q12888,505,-1.3
Q12888,528,-1.04
Q12888,530,-1.04
Q12888,557,-2.21
Q12888,585,-2.67
Q12888,591,-1.28
Q12888,814,-2.46
Q12888,927,-0.1
Q12888,1033,0.22
Q12888,1072,0.99
Q12888,1073,0.18
Q12888,1118,0.85
Q12888,1119,-1.56
Q12888,1322,2.35
Q12888,1367,0.07
Q12888,1435,-1.48
Q12888,1465,0.16
Q12888,1467,0.16
Q12888,1614,-1.25
Q12888,1659,1.44
Q12888,1661,1.44
Q12888,1670,1.44
Q12888,1683,0.46
P46087,636,-0.43
P46087,765,0.47
P46087,817,-0.61
P46087,819,-1.82
P46087,834,0.82
P46087,845,0.82
J3KPK1,1271,-2.18
J3KPK1,1504,-3.54
O60287,1143,-0.68
Q9NYM9,9,-0.67
P36952,135,5.25
Q9H3P2,236,1.88
Q9H3P2,374,-0.77
Q9H3P2,376,0.07
Q9UER7,178,-1.37
Q9UER7,495,-0.93
Q96KQ7,140,-1.39
Q96FZ2,322,-0.08
Q53H47,508,-1.17
P05783,7,-0.24
P05783,8,-0.23
P05783,15,-1.07
P05783,30,-2.66
P05783,34,-0.89
P05783,36,-0.99
P05783,42,-0.99
P05783,44,-0.99
P05783,49,1.66
P05783,60,-7.44
P05783,65,-7.44
P05783,100,0.03
P05783,319,0.13
P05783,398,-2.31
P05783,399,-2.28
P05783,401,-0.98
P05783,404,-0.81
Q6ZRV2,465,0.27
Q6ZRV2,516,-1.18
Q6ZRV2,523,-0.57
Q6ZRV2,647,-0.31
Q6ZRV2,785,0.03
Q6ZRV2,870,-1.38
Q6ZRV2,881,-0.58
Q6ZRV2,883,-2.21
Q6ZRV2,892,-1.17
Q6ZRV2,914,-0.52
Q6ZRV2,936,-0.4
Q6ZRV2,974,-1.22
Q6ZRV2,1003,-2.84
Q6ZRV2,1009,-4.71
Q53F19,25,-0.47
Q53F19,30,-1
Q8IU60,284,-1.31
Q6ZUT9,1076,-0.57
B4DNK4,37,-0.15
Q5VTR2,136,0.68
Q5VTR2,138,-0.14
B9EGQ5,982,-0.8
B9EGQ5,983,-0.43
B9EGQ5,996,-2.13
B9EGQ5,998,-3.36
B9EGQ5,1017,-0.21
Q03164,279,1.36
Q03164,337,0.75
Q92541,650,-0.16
Q92541,652,-2.09
Q92541,674,-0.31
Q92541,675,-0.08
Q92541,697,0.21
Q14444,10,-0.97
Q14444,335,-2.25
Q99569,776,-0.46
Q9Y2L9,597,0.71
Q9Y2L9,603,0.71
Q13501,269,0.28
Q13501,272,-0.1
Q13501,275,-1.01
Q13501,278,-0.07
Q13501,361,-0.41
Q13501,365,0.02
Q13501,366,-0.34
Q8NBN3,540,-0.31
O75909,8,-3.44
O75909,328,-0.02
O75909,329,-0.02
O75909,340,-0.35
O15381,85,-3.7
Q9NRL3,53,-0.14
Q9NRL3,167,-0.07
Q9NRL3,206,-4.71
Q676U5,70,2.23
Q676U5,269,1.37
Q676U5,287,-0.19
P05187,114,-0.14
Q8N7R7,274,-1.48
P24534,87,-0.05
P24534,95,-0.37
P24534,106,-0.05
P24534,112,-0.05
Q6P1L5,10,-0.86
Q6P1L5,12,-0.86
P63165,2,-0.2
P63165,9,-0.28
P63165,10,-0.21
Q13098,504,0.16
Q13098,510,0.04
Q13098,515,0.44
P62826,135,-0.24
Q12959,158,-0.54
Q12959,538,-0.55
Q12959,540,-0.46
Q12959,542,0.39
P02786,20,0.63
P02786,24,0.8
P02786,34,0.36
Q8NI08,162,-2.04
Q8NI08,211,-0.23
Q8NI08,596,-3.15
O14578,699,3.25
Q9H2K8,324,0.1
O43516,340,7.27
O43516,350,7.27
Q27J81,586,0.68
Q27J81,589,0.68
Q27J81,1147,-0.19
A0A590PXD8,294,-0.43
A0A590PXD8,298,-0.43
A0A590PXD8,518,0.97
A0A590PXD8,1146,1.34
F6Y5H0,112,-1.36
Q9UI08,248,-1.515
Q9UI08,261,-6.78
Q9UI08,333,0.54
Q9UI08,356,1.02
Q9UI08,371,-0.56
O14639,79,-0.32
O14639,141,-2.79
O14639,143,1.47
O14639,185,-2.66
O14639,264,1.16
O14639,317,-3.97
O14639,383,-0.72
Q8WWL2,440,1.14
P49116,19,-0.67
P49116,46,-0.79
P49116,219,-2.61
P49116,352,-0.31
Q9BZF1,23,-3.29
Q9BZF1,26,-2.75
Q9BZF1,272,-0.96
P55209,62,-0.41
P55209,69,-0.71
Q2TB10,336,0.5
Q2TB10,426,-0.53
Q96H22,226,-1.31
Q96H22,277,-3.29
Q92576,283,0.42
Q92576,680,1.66
Q92576,682,1.66
Q92576,1133,1.42
Q92576,1178,-0.28
Q92576,1613,-2.75
Q92576,1614,-1.63
Q92576,1642,0.82
Q92576,1898,3.06
Q92576,1925,2.37
P56945,157,-1.21
P56945,446,0.29
P17480,201,-1.62
P17480,375,-1.19
P17480,447,-0.11
P17480,458,-0.63
Q96P48,428,-0.41
A0A0B4J1V8,359,0.87
Q8TB61,427,-0.85
O95997,165,-0.19
Q9BSJ8,820,-0.04
Q9BSJ8,822,-0.04
Q9BSJ8,959,-1.91
Q14C86,966,0.55
Q8IUF8,309,-3.08
Q96E09,35,-1.9
Q96E09,37,-1.01
Q96E09,62,-0.41
Q96E09,147,-1.27
Q96E09,149,-1.8
Q6FI81,182,-1.49
Q6FI81,183,-1.13
Q6FI81,185,-1.49
Q9BVJ6,29,0.28
Q9BVJ6,31,0.28
Q9BVJ6,52,-2.07
P35269,224,0.07
P35269,331,-0.18
P35269,389,0.21
P35269,433,-1.23
P35269,445,-2.51
Q12802,1559,-0.39
Q12802,1929,-1.93
Q12802,2709,-2.15
O60658,457,-0.38
Q7L1W4,246,-0.09
Q05655,302,-3.89
Q05655,304,-3.53
Q05655,307,-3.53
Q05655,645,0.01
Q05655,647,0.01
Q05655,664,-0.09
Q9BVP2,517,0.36
Q8TBN0,168,-5.61
Q9ULT0,51,-2.87
Q9ULT0,53,-2.41
Q9Y2X7,370,0.16
Q9Y2X7,371,0.16
Q9Y2X7,373,0.16
Q9Y2X7,397,1.15
Q9Y2X7,601,1.02
Q9UJX2,578,1.32
Q9UJX2,582,-0.34
Q9UJX2,588,-1.97
Q9UJX2,594,-1.97
Q9UJX2,596,-1.97
O95235,528,-0.8
O95235,532,-0.8
O95235,534,-0.8
O95235,670,0.6
Q96ST3,860,-0.52
Q96ST3,938,0.48
Q96ST3,940,0.48
P51825,762,-0.49
P29374,863,-0.08
P29374,864,-0.08
Q53EU6,77,-2.92
A0A2U3TZM8,90,-0.07
A0A2U3TZM8,100,0.35
Q9BTC0,1312,0.32
Q9BTC0,1456,0.89
Q9BTC0,1522,-0.33
H7BYN4,682,1.07
Q15398,306,-3.72
Q15398,618,-2.03
Q15398,662,-1.47
Q15398,689,0.22
Q15398,725,0.55
Q15398,777,-0.92
Q8NDC0,15,-2.56
Q8NEY8,110,0.49
Q8NEY8,128,-0.31
Q8NEY8,133,-0.34
Q8NEY8,161,1.04
Q8NEY8,167,2.07
Q8NEY8,205,0.26
Q13884,87,0.32
Q13884,389,1.08
P46100,278,-0.84
P46100,556,2.18
P46100,558,-0.51
P46100,560,-0.58
P46100,691,-0.61
P46100,1310,-0.72
P46100,1489,-1.9
P46100,1491,-1.76
P46100,1958,-0.44
Q96QR8,100,-0.56
Q96QR8,101,-0.72
Q96GX9,84,-1.68
Q96GX9,87,-0.83
Q96GX9,89,-0.83
O75376,1212,0.43
O75376,1338,0.46
O75376,1608,-2.13
O75376,2081,0.54
O75376,2333,0.73
O75376,2335,0.73
Q9H8S9,35,-0.3
Q9H8S9,38,-0.37
Q00688,36,-0.53
Q00688,147,0.49
Q9NQW6,54,0.6
Q9NQW6,95,-1.43
Q9NQW6,323,-2.01
Q9NQW6,362,-0.16
Q9NQW6,364,2.31
Q9NQW6,417,-3.34
Q9NQW6,516,-1.57
Q9NQW6,524,0.06
Q9NQW6,525,-4.19
Q9NQW6,605,-0.44
Q9NQW6,621,1.67
Q9NQW6,624,-0.62
Q9NQW6,755,-2.62
Q9NQW6,890,-3.49
Q8IVL1,1921,-2.16
Q9UKX7,191,-2.06
Q9UKX7,193,-2.07
Q9UKX7,195,-2.06
Q9UKX7,268,-2.17
Q9UPZ3,448,-0.96
Q9UPZ3,449,-0.96
P41212,213,-0.57
P25786,14,-1.69
Q6P996,737,-3.09
Q6P996,757,-3.09
P40818,160,0.74
P40818,716,0.43
P40818,718,0.25
Q8IWR0,318,-2.98
Q9BXB5,209,0.56
Q9BXB5,223,0.57
E7ER32,6,-0.25
E7ER32,335,-0.8
E7ER32,416,-1.31
Q9NUM4,33,-1.8
P54259,645,0.63
P04406,41,0.03
P04406,168,-0.23
P04406,169,-0.41
O96007,20,-0.41
Q9BRJ6,23,-4.34
Q9BRJ6,59,-0.67
Q9BRJ6,97,1.01
Q9BRJ6,175,-0.1
Q96P47,479,-2.47
Q13459,716,2.23
Q13459,1271,1.76
Q13459,1290,0.89
Q13459,1972,2.47
Q86U42,19,-0.08
Q86U42,150,-1.52
Q8N8A6,83,-0.4
Q9NRA8,5,1.07
Q9NRA8,301,0.56
Q9NRA8,345,0.53
Q9NRA8,374,-0.73
Q9NRA8,513,0.39
Q9NRA8,564,0.4
Q5VW26,328,0.32
Q5VW26,333,0.61
Q96JY6,266,-0.93
Q9H1I8,713,-1.77
Q96B97,230,-0.43
Q9NZN5,190,1
Q9NZN5,637,1.22
O14733,35,-1.2
Q86T03,169,0.13
Q6T4R5,155,-1.03
Q92945,181,-0.62
Q92945,184,-0.61
Q92945,480,-0.64
Q5HYJ3,148,2.72
Q5HYJ3,193,0.02
X6RBL6,181,-4.61
Q9ULJ3,434,1.61
Q9ULJ3,435,1.61
Q9ULJ3,605,6.75
Q9ULJ3,714,-1.21
Q68DK7,205,-1.54
Q8TEK3,771,0.34
Q8TEK3,775,0.26
Q8TEK3,834,-0.11
Q8TEK3,1001,0.55
Q8TEK3,1007,0.51
Q8TEK3,1009,0.51
Q8TEK3,1213,0.1
Q6DD88,535,-0.38
P17028,38,1.41
Q6P6C2,54,0.07
Q6P6C2,361,1.5
Q8IXT5,98,-0.11
Q8IXT5,254,0.13
Q8IXT5,278,-0.13
Q8IXT5,280,-0.13
Q8IXT5,638,-0.04
Q8IXT5,640,-0.04
Q9ULT8,357,1.69
Q9ULT8,358,1.69
Q15811,971,-6.67
J3KPX7,135,-0.05
Q96K76,832,-1.21
Q8NG31,1050,0.36
Q01628,10,-3.45
A0A2U3TZJ9,23,-1.78
A0A2U3TZJ9,594,0.75
Q9Y5T5,551,-1.84
Q9Y5T5,552,-0.39
Q9Y5T5,554,-0.25
Q8IX90,155,-5.68
Q9NWB6,76,0.36
Q9NWB6,77,0.12
Q9NWB6,94,-0.79
Q9P2R6,641,2.03
Q9P2R6,642,2.03
Q5VT52,348,-0.77
Q5VT52,414,-0.68
Q5VT52,458,-0.59
Q5VT52,459,-1.34
Q5VT52,491,-2.16
Q5VT52,567,0.46
Q5VT52,588,-0.83
Q5VT52,639,0.03
Q5VT52,641,-0.29
Q5VT52,697,0.04
Q5VT52,704,-0.01
Q5VT52,706,-0.01
Q5VT52,950,-1.05
Q5VT52,1073,1.07
E7ETM8,16,-0.09
Q9Y4U1,244,-2.32
Q9Y4U1,245,-1.52
Q9Y4U1,275,1.61
P49902,502,-2.25
Q96GN5,21,-0.77
Q96GN5,139,0.3
Q96GN5,261,-0.91
Q96EV2,765,0.39
Q9HBE1,282,1.05
Q13330,429,-1.03
Q13330,432,-0.41
Q13330,559,-0.46
Q13330,561,-0.35
Q15796,2,-0.12
Q15796,8,-0.12
Q15813,479,-0.97
P09429,35,-2.04
P09429,109,-0.06
Q12857,250,-2.53
Q12857,292,1.61
O14980,391,0.44
Q86YP4,189,-0.48
Q9Y2H0,912,0.03
Q15019,228,0.09
Q2M2I8,620,1.18
Q2M2I8,637,0.84
Q2M2I8,640,-0.51
P62081,119,0.1
O60675,25,0.51
P35222,551,0.03
P35222,552,0.08
P35222,675,0.84
P49959,652,2.36
P49959,691,0.18
Q15435,24,0.72
Q15435,27,0.72
Q15435,37,2.51
B5MBX0,33,-2.7
B5MBX0,35,-2.2
B5MBX0,75,-1.92
B5MBX0,209,-4.9
Q9NRY4,589,-1.56
Q7KZI7,569,-0.225
Q7KZI7,596,0.6
O94880,290,2.18
O94880,294,2.18
O94880,296,2.18
Q9BTC8,519,0.95
Q8WYH8,118,-0.36
Q6YHU6,1024,-6.15
Q9H2D6,242,-0.98
Q9H2D6,282,0.22
Q8NEJ9,143,0.18
Q9BRP8,6,0.72
Q5VWQ8,1168,1.55
P40121,337,-1.64
Q14966,383,-0.55
Q14966,552,0.17
Q14966,1100,0.79
Q14966,1243,-2.98
Q8N5P1,59,0.1
Q9Y4C1,445,-0.12
Q9H9Q2,112,-0.69
Q4KMP7,687,-6.01
Q9BVV8,120,0.36
Q13409,81,-3.69
Q13409,84,1.8
P05455,92,0.42
P05455,362,0.08
P05455,366,0.09
Q86U86,9,-7.56
Q86U86,39,-0.7
Q86U86,353,-0.45
Q86U86,651,0.91
Q86U86,663,0.42
Q86U86,1420,-2.9
P62899,98,-0.9
Q7Z3C6,828,1.06
Q9P0J7,212,-2.58
Q9BYW2,130,-3.27
Q9BYW2,131,-3.27
Q7L1Q6,16,-1.93
Q99460,270,-0.91
Q99460,273,-0.91
Q9HCG8,829,0.05
Q13506,395,-0.16
Q13610,50,-0.74
Q13610,484,-1.15
Q13610,492,-1.15
Q13610,495,-1.33
Q13610,497,-3.59
Q7Z3B3,268,0.69
A0A3F2YNZ0,136,-1.29
A0A3F2YNZ0,390,-0.83
A0A3F2YNZ0,779,-2.86
A0A3F2YNZ0,806,-0.8
A0A3F2YNZ0,891,-1
A0A3F2YNZ0,1169,-0.23
A0A3F2YNZ0,1172,-0.13
A0A3F2YNZ0,1178,-0.2
A0A3F2YNZ0,1181,-0.2
A0A3F2YNZ0,1191,-1.19
A0A3F2YNZ0,1786,-2.5
A0A3F2YNZ0,1844,-0.27
A0A3F2YNZ0,1876,-4.23
A0A3F2YNZ0,1903,-2.09
A0A3F2YNZ0,1905,-2.09
Q9HCD6,1457,-0.85
Q8IY63,241,-1.54
Q8IY63,720,-1.02
Q8IY63,805,-0.26
Q8IY63,906,-0.39
O95453,557,0.44
O95453,619,-0.71
O95453,628,-2.46
O95453,631,-1.83
Q96I25,71,-0.32
Q96I25,169,-1.47
Q96I25,222,-0.44
Q96I25,224,-0.31
Q96I25,227,-0.33
P62910,62,-5.66
Q8IYB7,31,0.08
P62750,42,-0.16
P62750,43,-0.18
P62750,45,-0.11
Q14157,416,-0.62
Q14157,419,-0.62
Q14157,425,2.66
Q14157,427,0.79
Q14157,439,-3.17
Q14157,453,-3.28
Q14157,454,-3.47
Q14157,467,-1.16
Q14157,470,-1.08
Q14157,471,-1.16
Q14157,493,0.38
Q14157,604,0.23
Q14157,605,0.23
Q14157,607,0.3
Q14157,608,0.23
Q14157,609,0.22
Q6ZS17,361,1.34
Q6ZS17,411,-0.92
O15143,310,1.93
H0Y470,836,0.93
H0Y470,837,0.99
Q15751,2747,2.66
Q5UIP0,1238,0.62
Q5UIP0,1454,-0.29
Q5UIP0,1542,0.37
Q5UIP0,1552,0.37
Q5UIP0,2161,0.775
Q5UIP0,2205,0.51
Q5UIP0,2393,-1.36
Q5UIP0,2465,-0.05
O60231,103,-0.36
O60231,160,0.63
Q96SB4,293,1.005
Q96SB4,498,0.24
Q9UHD8,30,7.15
Q9UHD8,49,0.78
Q9UHD8,80,0.14
Q9UHD8,82,-0.06
Q9UHD8,85,0.13
Q9UHD8,142,-0.38
Q9UHD8,203,0.08
Q01130,2,-1.02
Q01130,22,-0.24
Q01130,23,-0.33
Q01130,25,-0.22
Q01130,26,-0.41
Q01130,101,-1.51
Q01130,191,-0.58
P29401,283,-0.04
P29401,295,0.04
P29401,303,0.19
Q9NVZ3,181,0.79
Q9P2D1,2559,-0.97
P20020,1139,-0.3
P20020,1155,-1.15
Q96D71,117,0.76
Q96D71,272,0.55
Q96D71,562,-0.11
Q15029,19,-0.07
Q15029,30,-0.5
Q92925,203,-1.68
Q99584,32,0.07
E7EN19,608,-8.71
Q14847,63,0.46
Q14847,68,-0.27
Q14847,99,-4.25
Q14847,104,-0.58
Q14847,146,-0.49
Q14847,151,-0.96
Q9Y448,171,-2.38
P0DMV9,362,-0.76
Q9Y4B6,571,0.05
Q9Y4B6,574,0.31
H0Y4P6,334,0.78
H0Y4P6,335,0.78
C9JWC4,388,1.96
C9JWC4,510,1.17
Q9H3N1,270,0.46
Q9H3N1,280,-0.38
Q69YQ0,220,0.26
Q13057,178,0.69
Q96II8,324,0.22
P13861,54,-3.53
P13861,58,-3.92
P13861,80,-0.04
Q9ULL5,738,0.13
Q9ULL5,865,-0.29
Q9ULL5,1308,0.08
P29590,403,0.37
Q9P0U3,170,-3
Q86UP2,75,0.6
Q86UP2,77,0.6
Q86UP2,153,-0.68
Q86UP2,156,-0.85
Q86UP2,243,-1.48
P49005,15,1
P49005,257,-0.88
P46063,634,-4.41
P46063,636,-4.41
Q14241,542,0.73
Q5JW57,9,-2.75
O60343,566,-2.23
A0A0A0MSM0,559,1.03
A0A0A0MSM0,811,0.19
A0A0A0MSM0,817,-0.64
Q06587,229,0.21
P15924,172,0.19
P15924,176,0.64
P15924,1610,0.34
P15924,2007,1.43
P15924,2216,0.89
P15924,2221,0.89
P15924,2222,0.85
P15924,2226,0.89
P46109,184,-1.37
P46109,195,-1.93
Q8IY81,573,-0.73
Q8IY81,584,-1.63
Q8IY81,599,-0.28
Q8IY81,644,-0.75
Q8IY81,676,5.34
Q8IY81,677,-3.11
Q8IY81,688,-0.97
Q02880,1231,0.96
Q02880,1519,4.16
Q02880,1570,-0.48
Q02880,1576,-0.51
Q02880,1591,-0.57
Q9NX58,276,-0.41
Q13495,651,1.13
O96019,233,-1.23
Q14643,1574,0.88
O60566,684,-2.45
P16070,706,-0.42
P55201,462,0.01
H7C179,259,0.34
H7C179,263,0.34
H7C179,279,0.18
P49815,1243,-3.81
Q01581,495,0.29
Q9H0B6,581,-0.11
Q9H0B6,582,0.17
Q9H0B6,589,-1.04
P17544,101,-0.54
P17544,413,-1.01
Q9P1G8,8,-0.74
Q9P1G8,19,-0.24
Q15596,493,1.78
Q15596,699,1.61
Q96BT3,85,-0.05
P52597,104,0.97
Q6P4R8,1022,-0.01
Q6P4R8,1291,0.17
Q15477,255,0.73
Q15477,256,0.73
Q14344,59,-1.22
Q9BXS6,182,-2.13
Q9BXS6,246,3.38
Q9BXS6,313,-6.14
Q8WXE1,128,0.98
Q8WXE1,131,0.92
Q8WXE1,425,0.42
H7C1M2,1124,-0.38
H7C1M2,1158,-1.26
H7C1M2,1413,-1.22
H7C1M2,1416,-4.37
P45973,92,-2.55
P45973,97,-2.55
Q96F86,125,0.32
Q96F86,131,0.32
Q96F86,150,-1.05
Q96F86,161,0.12
Q9NTI5,1121,-4.44
Q9NTI5,1165,0.94
Q9NTI5,1166,0.94
Q9NTI5,1182,-0.08
Q9NTI5,1283,-0.79
Q9NTI5,1358,0.37
Q9NTI5,1383,0.6
A0A0A0MSN9,131,3.87
P04049,244,-0.62
P04049,321,-0.74
P04049,641,-0.59
Q7Z434,222,0.36
Q16629,165,-0.43
Q16629,167,-0.3
Q16629,192,-0.46
Q16629,202,-0.77
Q16629,204,-0.77
Q16629,221,-0.65
O95104,139,-0.22
O95104,989,-2.35
Q9UBK8,156,2.44
Q9UBK8,171,2.44
H0Y641,75,-0.47
H0Y641,77,-0.47
Q9NYF3,122,-0.63
Q9H4L4,169,-0.27
Q9H4L4,181,-0.19
Q9H4L4,353,-1.52
E9PAV3,2054,0.77
Q8WUF5,53,-0.95
Q8WUF5,84,3.56
Q8WUF5,113,-0.22
Q8WUF5,158,4.27
Q8WUF5,187,-1.68
Q8WUF5,280,-2.09
Q8WUF5,316,0.58
Q8WUF5,567,0.23
Q8WUF5,597,-0.26
Q96S90,51,0.44
Q9Y4F5,655,0.33
Q9BZG1,241,-0.47
Q9H410,14,-1.71
Q9H410,41,1.12
Q9H410,42,1.18
Q9H410,61,-0.15
Q9H410,65,-0.15
P48634,761,0.54
G5E9M9,90,-2.73
G5E9M9,215,-1.22
Q92597,330,0.13
Q92597,364,-0.24
Q92597,375,-0.5
A0A0A0MSW0,470,3.17
A0A0A0MSW0,471,-0.94
A0A0A0MSW0,1436,-0.94
A0A0A0MSW0,1439,-0.94
A0A0A0MSW0,1440,-0.94
A0A0A0MSW3,430,0.6
A0A0A0MSW3,437,0.6
A0A0A0MSW3,671,0.06
A0A0A0MSW3,679,0.06
A0A0A0MSW3,941,-0.39
A0A0A0MSW3,1045,-3.78
A0A0A0MSW3,1046,-5.14
A0A0A0MSW3,1082,-2.43
A0A0A0MSW3,1157,-5.87
A0A0A0MSW3,1964,-2.37
Q8N573,201,2.3
P04920,461,-0.01
Q9UMY1,128,-0.72
Q9UMY1,133,-0.83
A0A0A0MSX4,901,0.89
A0A0A0MSX4,903,1.02
Q9Y6I3,521,0.57
Q9Y6I3,556,-2.79
Q9Y6I3,580,-2.27
Q8WVB6,253,-1.5
Q8WVB6,899,-0.72
Q9NZ08,179,1.9
Q96QC0,313,0.34
Q96QC0,591,-2.25
Q8N684,60,-0.31
E7EVA0,14,0.05
E7EVA0,297,0.04
E7EVA0,299,0.24
E7EVA0,371,-0.43
E7EVA0,375,-0.38
E7EVA0,524,1.16
E7EVA0,527,1.13
E7EVA0,529,1.16
E7EVA0,538,-0.09
E7EVA0,543,-0.09
E7EVA0,588,-0.94
E7EVA0,597,-0.54
E7EVA0,599,-0.62
E7EVA0,602,1.94
E7EVA0,653,-0.9
E7EVA0,1679,0.75
E7EVA0,1841,0.53
E7EVA0,1857,-0.24
E7EVA0,1932,-0.41
E7EVA0,1934,-0.33
E7EVA0,1968,-0.53
E7EVA0,1970,-1.39
E7EVA0,2086,-0.08
E7EVA0,2087,0.13
E7EVA0,2218,-0.03
Q9NYV4,383,-0.54
Q9NYV4,400,1.5
Q9NYV4,423,0.11
Q9NYV4,681,-0.58
Q9NYV4,893,-0.05
Q9NYV4,1083,0.2
A0A1C7CYX1,461,-0.8
P17252,226,0.26
P17252,497,0.23
Q13561,84,0.91
Q13561,88,0.91
Q13561,203,0.01
Q3YBR2,10,-2.64
Q8NDX6,44,0.07
Q5VST9,6162,0.92
Q6PJ61,313,0.93
Q8IUD2,191,-0.94
Q5FBB7,256,-0.01
P40425,151,-4.35
Q5RI18,48,0.04
Q5RI18,63,0.17
Q5SRQ6,224,-0.11
Q5SRQ6,228,0.16
Q5QJE6,87,-0.26
Q5QJE6,117,-0.445
Q5QJE6,141,-1
Q5QJE6,232,-1.2
Q5QJE6,239,-1.2
Q5QJE6,251,-0.01
Q5QJE6,330,0.12
Q5QJE6,381,1
Q9UKI8,158,-0.46
Q9UKI8,159,-0.46
Q9BUH8,246,0.26
Q9BUH8,502,1.5
Q9BUH8,563,-0.6
P36915,50,0.28
P36915,51,0.28
Q9Y5U2,132,-1.95
P07355,12,1.25
P07355,18,-2.11
P07355,19,-2.03
P07355,24,-1.75
P07355,26,-1.75
P07355,127,0.74
P27448,400,1.15
P11388,4,-1.23
P11388,1106,0.44
P11388,1205,1.37
P11388,1213,-3.28
P11388,1244,-0.73
P11388,1247,-0.75
P11388,1374,-0.51
P11388,1377,-0.51
P11388,1391,-1.91
P11388,1392,-2
P11388,1393,-3.69
Q8IXM2,35,-1.97
Q8IXM2,36,-1.97
Q8IXM2,96,-0.22
H7C3H4,1487,-0.39
P46379,113,-0.19
P46379,958,0.29
Q12982,176,0.56
P52298,112,-5.5
Q99715,2876,-0.53
Q2TAL8,345,-1.29
Q2TAL8,659,1.48
Q9UQB8,261,-0.25
Q9UQB8,325,-8.52
Q9UQB8,340,0.78
A1L170,265,0.11
A1L170,266,0.11
A0A0A0MT46,276,-4.06
A0A0A0MT46,335,-1.79
A0A0A0MT46,448,0.51
Q13951,173,-0.62
Q13951,176,-1.33
F8WCX2,241,-0.47
F8WCX2,253,-1.57
F8WCX2,374,-2.79
Q9NYZ3,165,-1.47
Q9NYZ3,171,4.9
Q9NYZ3,208,3.59
Q9NYZ3,262,3.34
Q9NYZ3,528,8.6
Q9NYZ3,555,5.16
Q9NYZ3,594,7.04
Q9NYZ3,611,3.85
Q9NYZ3,696,-1.64
Q9NYZ3,724,6.83
Q9NYZ3,734,3.74
Q96CB8,127,-13.68
Q96CB8,128,-3.38
Q71RC2,589,-0.79
Q71RC2,600,-0.3
Q71RC2,603,-0.4
Q71RC2,728,0.63
P0C7T5,333,-2.05
A0A6Q8KRG2,37,-0.52
A0A6Q8KRG2,953,-0.65
A0A6Q8KRG2,959,-0.65
Q5T1M5,39,-0.43
Q5T1M5,336,-2.24
Q5T1M5,351,-2.26
Q5T1M5,369,-5.44
Q5T1M5,381,-5.44
Q5T1M5,981,1.04
Q5T1M5,985,1.04
Q5T1M5,1189,0.52
J3KR33,226,-1.56
Q14232,105,1.68
Q14232,107,1.68
P11166,473,0.53
P11166,478,0.53
Q9Y2D9,380,1.66
P51991,14,-0.39
P51991,355,-1.4
P51991,358,-2.2
P51991,360,-3
Q9Y608,18,0.66
Q9Y608,88,0.52
Q9Y608,91,0.52
Q9Y608,92,0.52
Q9Y608,96,0.33
Q9Y608,99,0.33
Q9Y608,101,0.33
A0A0C4DG89,804,0.28
A0A0C4DG89,819,0.28
Q6UUV7,62,0.16
Q08AD1,571,-0.65
Q08AD1,572,-0.65
Q08AD1,874,-4.85
Q08AD1,992,-2.78
Q8N612,467,-1.01
Q8N612,849,-3.04
Q7Z2K6,53,1.07
O95292,146,-6.48
O95292,156,1.92
Q9BY44,503,0.53
Q9BY44,506,-3.32
Q96SK2,201,-3.08
Q96SK2,248,-6.93
Q14493,182,0.97
Q5TDH0,104,-1.9
Q5TDH0,106,-0.94
Q5TDH0,120,-1.81
Q5TDH0,121,-1.81
Q5TDH0,128,-4.02
P41227,182,-0.19
P41227,205,-0.66
P41227,216,-2.3
P39687,15,-0.71
P39687,17,-0.71
P39687,27,-1.49
Q7Z422,17,3.16
Q7Z422,85,-1.82
Q7Z422,87,-1.82
P47914,158,0.65
Q86SQ0,308,-1.02
C9J6P4,284,-0.13
C9J6P4,298,-0.62
C9J6P4,302,-0.62
C9J6P4,378,-0.61
C9J6P4,386,-3.24
C9J6P4,387,-0.37
E7EN95,816,-0.11
O15042,479,-2.29
O15042,485,-0.25
Q6ZU65,13,0.23
P38398,1328,-1.51
P38398,1336,-1.51
E3W994,992,-0.53
Q8N6N3,158,0.21
Q9H981,21,-0.27
Q9H981,301,4.02
Q13443,761,0.71
Q9GZV5,87,-3.19
Q8N488,188,-1.32
Q9P289,4,-1.65
Q15910,487,-0.33
P49915,318,-0.04
P49915,331,-0.42
P49915,332,-0.42
Q92734,197,0.09
Q9ULU4,424,0.87
Q9ULU4,426,-1.44
Q9ULU4,445,-3.17
Q9ULU4,510,3.85
Q9ULU4,567,-3.75
Q9NR33,11,-0.32
Q8NDX5,275,-1.38
Q8NDX5,284,-0.76
Q8NDX5,308,-1.9
Q8NDX5,310,-2.04
Q8NDX5,327,-4.09
Q8NDX5,621,-0.85
Q8NDX5,626,-1.32
Q8NDX5,773,0.55
Q99442,117,-2.79
Q9H446,144,-2.05
Q8TC07,201,0.14
Q8TC07,658,-3.04
Q8TC07,660,-3.04
Q6MZP7,93,-0.03
P22234,27,-1.68
E9PB61,101,-0.48
E9PB61,246,1.44
O60701,91,-0.16
Q16594,178,0.42
Q16594,196,0.92
O14979,241,-0.02
P20810,11,0.57
P20810,34,-0.41
P20810,51,0.87
P20810,194,-1.79
P20810,304,0.28
A8MXP9,4,-1.47
A8MXP9,41,-0.08
A8MXP9,188,0.44
A8MXP9,195,0.56
A8MXP9,206,0.36
A8MXP9,234,0.47
A8MXP9,596,-0.77
A8MXP9,598,-0.47
A8MXP9,814,-0.62
Q9BS16,194,-1.24
Q9H1K0,215,-0.23
Q4G0J3,305,0.06
Q4G0J3,306,-0.15
Q4G0J3,307,0.97
Q4G0J3,357,-2.42
Q4G0J3,358,-2.69
H0Y917,113,-0.56
H0Y917,115,-0.86
D6R9U7,157,0.05
Q9P0K7,293,0.43
Q9P0K7,358,-1.89
Q9P0K7,512,-2.61
Q9NX40,108,0.13
Q9NX40,122,-0.97
Q9NX40,123,-0.57
E7ENY0,11,1.06
E7ENY0,12,0.61
E7ENY0,464,0.47
E7ENY0,465,0.39
P49207,12,0.99
O75367,129,-0.98
O75367,170,-0.95
O75367,174,-0.95
O75367,178,-0.95
Q07002,162,-2.24
Q9Y6M4,366,0.06
Q9Y6M4,367,0.06
Q9Y6M4,368,0.06
Q8WX93,55,-0.64
Q8WX93,182,2.28
Q8WX93,393,-0.09
H0Y9H6,332,0.36
Q15131,125,-0.04
H0Y9K7,180,0.39
Q5HYI7,311,-0.69
Q9UPQ0,217,0.46
Q9UPQ0,718,0.53
Q9UPQ0,972,-0.26
Q16637,25,-0.33
Q16637,28,0.02
Q16637,31,0.03
A0A0C4DGC5,16,-1.1
A0A0C4DGC5,18,-1.25
A0A0C4DGC5,21,-1.17
A0A0C4DGC5,29,-1.06
A0A0C4DGC5,30,-1.06
A0A0C4DGC5,32,-1.06
A0A0C4DGC5,33,-1.06
A0A0C4DGC5,35,-1.06
A0A0C4DGC5,40,-2.89
A0A0C4DGC5,42,-0.96
A0A0C4DGC5,84,-0.08
A0A0C4DGC5,209,4.71
A0A0C4DGC5,212,4.71
A0A0C4DGC5,221,0.28
A0A0C4DGC5,224,-1.65
A0A0C4DGC5,228,-0.91
A0A0C4DGC5,232,-0.54
A0A0C4DGC5,248,0.17
O95232,425,0.37
O95232,429,0.23
O95232,431,0.11
O95394,90,-0.03
O95394,92,0.08
Q6ZNB6,65,-3.64
Q6ZNB6,69,-2.02
P25054,744,-1.51
P25054,780,-0.69
P25054,2835,-0.26
P25054,2837,-0.33
P53999,17,0.04
P53999,55,0.54
P53999,56,0.54
P53999,58,0.44
P53999,118,0.12
Q0JRZ9,354,0.63
Q0JRZ9,358,0.47
Q0JRZ9,361,0.41
Q0JRZ9,370,-0.28
Q0JRZ9,455,-0.25
Q0JRZ9,463,-0.12
Q0JRZ9,500,-0.33
Q8N9Q2,145,1.41
Q8N9Q2,146,1.41
P42684,200,1.81
P42684,936,-0.09
P60866,9,-0.85
Q9NQT8,661,-3.16
E9PGW9,65,-1.21
E9PGW9,110,-0.24
E9PGW9,469,-0.34
E9PGW9,470,-2.24
E5RJ67,71,-0.76
E5RJ67,79,-0.7
E5RJ67,103,-0.4
E5RJ67,118,-1.13
P23193,96,-0.32
P23193,97,0.31
P23193,100,-0.05
A0A0B4J210,138,-0.21
A0A0B4J210,143,-0.31
A0A0B4J210,148,-0.21
Q9UHF7,1085,1.41
Q9BRT9,16,-0.03
P07948,11,1.69
P07948,13,-0.25
P07948,508,0.56
O95071,139,-2.18
O95071,1549,1.29
O95071,2028,1.11
O15173,114,-1.09
O15173,232,0.34
O15173,234,0.07
O15173,235,-0.15
Q14677,276,2.37
Q14677,281,2.37
Q14677,290,2.37
Q13188,413,0.44
G3V119,159,-0.46
H0YBT0,72,1.63
H0YBT0,76,-0.29
Q9UBL3,222,0.39
P48651,455,-0.12
A0A499FJS7,668,-4.42
A0A499FJS7,670,-0.52
A0A499FJS7,673,-4.42
A0A0A6YYJ5,619,0.55
P05387,17,-0.57
P05387,19,-0.44
P05387,79,-1.17
Q00613,314,0.29
Q00613,323,0.08
Q00613,363,0.57
Q15418,271,0.78
Q15418,288,1.02
Q9NPQ8,502,0.28
Q9BWF3,86,-0.58
Q9BWF3,88,-1.21
O00559,36,-0.03
O00559,41,-0.09
P11142,362,-3.22
Q9C0B5,327,-0.74
Q9C0B5,369,-2.18
Q9C0B5,370,-2.08
Q9C0B5,372,-2.15
Q9C0B5,379,0.22
Q9C0B5,476,-2.28
Q9C0B5,501,1.47
Q9C0B5,568,-1.14
P23528,3,0.6
P23528,8,-4.18
P23528,25,-1.48
P23528,156,-0.2
Q9Y2K7,558,-0.38
Q9Y2K7,832,-1.99
O14757,280,1.33
O14757,301,-1.02
Q9BQ04,86,-1.55
Q9BQ04,88,-1.55
Q13733,85,6.56
Q7Z589,1151,0.26
A0A0C4DH79,42,-2.03
A0A0A0MTE2,419,-0.77
A0A0A0MTE2,421,-0.78
A0A0A0MTE2,520,-0.19
A0A0A0MTE2,580,2
A0A0A0MTE2,582,-1.59
A0A0A0MTE2,588,-1.67
A0A0A0MTE2,610,-0.64
A0A0A0MTE2,628,-1.2
A0A0A0MTE2,634,-0.21
A0A0A0MTE2,636,-0.11
A0A0A0MTE2,675,1.42
A0A0A0MTE2,703,-0.05
A0A0A0MTE2,741,-0.85
A0A0A0MTE2,763,-1.7
A0A0A0MTE2,892,-5.51
A0A0A0MTE2,1206,-0.04
A0A0A0MTE2,1208,-0.8
A0A0A0MTE2,1225,-1
A0A0A0MTE2,1231,-0.89
A0A0A0MTE2,1301,-0.69
A0A0A0MTE2,1308,-0.51
A0A0A0MTE2,1310,1.24
Q13523,257,-0.65
Q13523,277,-0.28
Q13523,330,-0.29
Q13523,431,-0.44
Q13523,437,-0.45
Q13523,847,-0.5
Q13523,849,-0.56
Q13523,852,-0.5
P42695,1379,-1.62
P42695,1382,-1.62
P42695,1384,-1.62
P23396,220,-0.27
P23396,221,0.24
P23396,224,0.07
Q92614,83,-0.4
Q92614,140,0.46
Q8IXU6,5,-0.04
P54105,102,0.42
Q8N6H7,146,0.2
Q8N6H7,368,0.46
Q8N6H7,432,0.03
Q8N6H7,433,0.03
G3V1C3,464,0.22
Q96T23,140,-1.01
Q96T23,145,-0.74
Q96T23,221,-0.33
Q96T23,352,-0.34
Q96T23,496,-0.8
Q96T23,1093,-0.66
Q96T23,1123,0.31
P30260,393,-4.97
P30260,432,-2.38
P30260,441,0.06
Q15771,184,-0.65
P68402,2,2.89
Q9P1Y6,545,5.4
Q9P1Y6,991,-0.28
Q5JTV8,143,0.03
Q5JTV8,147,-0.82
Q5JTV8,216,-0.43
Q5JTV8,221,-0.43
Q5JTV8,316,-0.76
Q86UU1,501,-2.89
Q86UU1,563,0.71
Q9H6S3,570,0.13
P13489,82,-0.47
Q92879,18,-2.5
O75379,30,-0.59
Q01167,30,3.02
Q01167,398,-0.92
Q01167,428,-1.48
Q96FS4,817,-0.48
Q96FS4,839,0.97
P80303,332,0.37
A0A0C4DGG1,276,1.73
A0A0C4DGG1,319,-0.15
A0A0C4DGG1,324,-0.1
A0A0C4DGG1,383,-0.86
G5EA48,772,0.55
G5EA48,843,1.21
Q9UP95,936,0.86
O75925,505,-1.52
O75925,508,-0.7
Q7L7X3,421,0.85
Q6NZY4,241,-0.66
Q6NZY4,420,-0.86
Q9Y580,136,-4.26
Q9Y580,137,-4.26
P16615,663,0.57
Q14839,1528,0.22
Q14839,1530,0.22
J3KR97,291,-0.86
A0A0A0MTI6,281,-9.08
A0A0A0MTI6,283,-1.16
A0A0A0MTI6,285,-2.3
P19105,18,-0.35
P19105,19,-0.28
P52565,24,-0.32
Q9Y478,40,-2.26
Q9Y478,108,0.36
Q13017,765,-4.58
Q8NHQ9,151,0.5
Q8IWI9,1208,-3.87
O43719,2,1.18
O43719,403,1.69
O43719,407,-0.83
O43719,408,1.01
O43719,409,1.01
O43719,445,0.64
O43719,452,0.64
O43719,494,0.53
O43719,498,0.43
O43719,579,0.71
O43719,616,0.64
O43719,624,0.64
O43719,642,0.46
O43719,676,0.5
O43719,702,0.99
O43719,713,0.26
O43719,714,0.26
O43719,721,0.27
P62805,48,-0.27
P62805,52,-0.27
P45880,113,-0.71
P45880,115,-0.66
P45880,118,0.04
Q96JN0,249,-0.52
Q9H7L9,234,-1.01
Q15758,535,0.13
Q9NP64,106,-1.98
F5H527,1243,-0.63
F5H527,1244,-1.29
F5H527,1254,2.59
Q13451,13,0.63
Q13451,445,2.4
P10644,83,0.35
Q14258,100,-0.83
P08670,5,-0.11
P08670,7,-0.31
P08670,10,-1.1
P08670,20,0.19
P08670,22,-0.5
P08670,25,0.19
P08670,26,-0.17
P08670,27,-0.77
P08670,29,-3.32
P08670,39,2.68
P08670,42,-2.32
P08670,47,0.23
P08670,51,-4
P08670,55,-2.71
P08670,56,-3.81
P08670,72,-1.65
P08670,73,-0.31
P08670,83,-0.01
P08670,87,-0.23
P08670,144,-0.1
P08670,214,-0.18
P08670,226,-0.08
P08670,299,-1.33
P08670,325,-0.16
P08670,412,-2.22
P08670,419,-1.04
P08670,420,-1.4
P08670,426,-0.05
P08670,430,0.14
P08670,458,-0.35
P08670,459,-0.35
Q8ND56,182,0.14
Q8ND56,183,0.16
Q8ND56,192,0.18
Q8ND56,194,0.16
Q8ND56,216,0.23
Q8ND56,219,0.22
Q8ND56,220,-0.62
Q5T0B9,404,-0.25
Q99717,464,0.18
Q99700,666,-1.91
Q99700,667,-1.91
Q99700,771,-1.36
Q99700,772,-1.39
Q99700,774,-1.41
Q99700,784,-1.85
Q99700,889,0.79
O14974,299,-0.75
O14974,422,-1.01
O60293,352,0.37
O60293,766,-3.08
O60293,1046,-2.71
Q07020,130,-0.73
Q07020,158,-6.06
Q07020,161,-6.78
Q8N5I9,48,-1.88
Q8N5I9,66,-0.91
Q8N5I9,178,1.4
F8VU39,132,-0.42
F8VU39,133,-2.38
F8VU39,135,-0.42
F8VU39,507,-0.17
F8VU39,1395,-1.03
F8VU39,1397,-1.51
Q15020,7,0.65
Q15020,8,0.41
Q15020,10,-0.625
O00429,605,0.01
Q15366,178,-0.3
Q15366,183,0.12
Q15366,184,-0.53
Q15366,185,-0.03
Q15366,267,-2.34
Q15366,268,-2.34
Q9H0H5,203,-0.89
Q9H0H5,342,-0.14
Q9H0H5,579,2.93
Q9H0H5,580,1.97
Q9H0H5,628,0.02
P09651,4,-0.12
P09651,6,-0.12
P09651,286,-3.9
P51003,23,-1.39
P51003,24,-3.14
Q9UNS1,1087,-2.05
Q9GZT3,101,-0.01
Q9GZT3,102,-0.01
Q96AC1,159,-1.89
Q96AC1,351,-7.2
Q96AC1,673,-0.25
Q8NHV4,523,-0.81
Q9Y385,266,-0.38
P23381,467,-0.15
B3KN83,28,-0.84
Q6GYQ0,820,0.52
Q32Q12,119,-1.63
Q32Q12,260,-0.01
Q32Q12,262,-0.01
Q96PC5,62,-0.89
Q96PC5,461,-1.06
Q96PC5,572,-1.54
Q05D32,165,-1.15
A0A2U3TZL8,682,1.07
A0A2U3TZL8,684,-1.1
A0A2U3TZL8,686,0.64
A0A2U3TZL8,763,-1.68
A0A2U3TZL8,793,-1.28
A0A2U3TZL8,798,-2.33
Q9H7F4,333,-0.89
P55010,419,0.63
Q12789,1068,-0.5
Q12789,1632,-1.64
Q12789,1653,-0.45
Q9Y2V2,23,-2.84
Q9Y2V2,26,-0.06
Q9Y2V2,30,-0.71
Q9Y2V2,41,0.45
Q9Y2V2,45,0.45
Q9Y2V2,50,0.2
Q9Y2V2,52,0.07
O95400,49,-1.18
O95400,118,-3.11
O95400,194,-0.4
O95400,195,-1.19
Q99613,39,0.33
Q96S82,230,0.01
Q9Y5B6,262,-0.44
Q9Y5B6,295,-0.11
Q9BSJ6,16,-0.61
Q9BSJ6,129,-0.43
Q9BSJ6,131,-0.02
O75674,323,-2.64
C9JLW8,21,-1.99
Q13470,497,0.67
Q99567,517,-3.87
Q99567,525,-2.93
O76021,340,-1.03
O76021,358,-7.26
O76021,361,-7.26
O76021,392,-3.22
O76021,396,-6.91
O76021,421,4.18
O76021,423,3.42
O76021,427,3.42
O76021,443,-2.42
O76021,454,-6.47
O76021,464,-5.47
Q8IZL8,481,-0.24
Q8IZL8,743,-0.32
Q8IZL8,745,-1.33
Q8IZL8,1043,1.49
Q13636,36,1.04
P61254,139,-1.43
Q86XP3,111,0.94
Q86XP3,183,-0.22
Q86XP3,185,0.61
A0A0M3HER3,350,1.53
Q9H840,3,-2.54
Q86Y91,404,-0.64
O14737,119,-0.08
Q13526,43,-2.15
Q63ZY3,375,0.22
Q9UKJ3,653,0.33
Q9UKJ3,738,1.64
Q9UKJ3,740,1.64
Q9UKJ3,976,-0.19
Q9UKJ3,1033,0.27
Q9UKJ3,1035,0.24
Q9UKJ3,1107,0.02
Q14596,673,1.38
O95049,183,0.59
O96013,181,0.44
O96013,474,-0.3
O00267,666,-0.29
O00267,670,-0.25
O00267,671,-0.45
O00267,1034,-3.49
P18858,49,0.26
P18858,51,0.84
P18858,66,0.59
P18858,76,0.41
P18858,141,0.25
P18858,182,0.09
P18858,183,-0.58
P18858,195,-0.96
P18858,197,-0.91
O95365,337,-0.24
O95365,549,-0.46
P25205,209,-0.89
P25205,717,0.04
P25205,719,0.04
P25205,753,0.5
P25205,756,0.48
P25205,758,0.5
Q9BW61,33,-1.89
Q96T37,125,-0.09
Q96T37,127,-1.36
Q96T37,128,-0.09
Q96T37,210,-0.03
Q96T37,292,0.01
Q96T37,294,0.01
Q96T37,568,0.21
Q96T37,622,0.05
Q96T37,656,0.07
Q96T37,659,-0.94
Q96T37,700,0.19
Q96T37,741,-0.43
Q96T37,765,0.16
A7E2V4,567,2.66
A7E2V4,1130,1.49
Q14978,189,-6.51
Q14978,304,-2.74
Q14978,398,-2.23
Q14978,505,-1.82
Q14978,509,-1.82
Q14978,539,-0.88
Q14978,564,-0.8
Q14978,608,-2.93
Q14978,611,-2.93
Q14978,623,-1.51
Q14978,624,-1.51
Q14978,644,-2.25
Q14978,689,-0.41
Q14978,699,-0.41
